relative_path,pdf_id,kind,bytes,sha256,required_for_benchmark
data/pdfs/paper_0001.pdf,paper_0001,single_paper,956687,16c9a0136bfd6645d2881a574e42105f726528d8d75a0e765ce637e8de927d64,True
data/pdfs/paper_0002.pdf,paper_0002,single_paper,358360,db3c3819114cb81c591221bf7cc6ec33ba0970bdf0ba96c90346ee3fc7c2ae7c,True
data/pdfs/paper_0003.pdf,paper_0003,single_paper,2502265,df96ae25779c237e73322ea397da17642b1e838b7038b644bf286b78cf3cc00e,True
data/pdfs/paper_0004.pdf,paper_0004,single_paper,648174,98da952db4177c3558d6306c3be7a1ae5179b306779f3179398d05c67d02fcf2,True
data/pdfs/paper_0005.pdf,paper_0005,single_paper,7471122,2547fd137194e18144b344ad3306a6b1abf4e8a6f2c41935a1b66c170efdeb18,True
data/pdfs/paper_0006.pdf,paper_0006,single_paper,1857343,b2ea30bc9b89dfa90264202202ee362c639232bccdb443da1e3a457d60f25c7d,True
data/pdfs/paper_0007.pdf,paper_0007,single_paper,490936,f8484daa8c30b199afd26b22a78b0d854ec8aca61b1179167597596c9d58d1c0,True
data/pdfs/paper_0008.pdf,paper_0008,single_paper,608319,4e8fd252d589bbacc8373f7a7db55f5d7fc3ac50a84bf61b02ad7c9a243ded3a,True
data/pdfs/paper_0009.pdf,paper_0009,single_paper,511931,8d936bbd23574d76aedf1fda4152e53eaa0bd254a4618f79c59cc718b7e65945,True
data/pdfs/paper_0011.pdf,paper_0011,single_paper,857094,f273288c679be48ddd39f4a4c4ee588b3d831c81bc020dd3576a366731804919,True
data/pdfs/paper_0012.pdf,paper_0012,single_paper,524848,bb1b0a222b634d0122a3c3a8acf4306b35d8695c66671a42bfd2cc6fd004cfd4,True
data/pdfs/paper_0013.pdf,paper_0013,single_paper,849229,b6eacb0b3c4b227197853e68c7a3e6dd8fbaa14ff723755c7ffbaec6899e817b,True
data/pdfs/paper_0015.pdf,paper_0015,single_paper,727341,b74ca95ab2518a61a85b83f3d63ea83b9fbea99c2f9ad8317f06771e9f730432,True
data/pdfs/paper_0016.pdf,paper_0016,single_paper,407943,aa8f67b919f54ac561e9ba2cd1f9190b9f3f3f49af7119f98196d46364b958da,True
data/pdfs/paper_0017.pdf,paper_0017,single_paper,1783205,b5475c3f06f16fe5a4d5d7c9979594f52721839c66919b27fb7e1dd4f5fe0073,True
data/pdfs/paper_0018.pdf,paper_0018,single_paper,341771,65e4a9a46ed94167596b3fdae78135d7815835801620ed15b3403e1a86ae9e2d,True
data/pdfs/paper_0020.pdf,paper_0020,single_paper,308951,1d9b96c06f25b87cd5c94b28e1261aee875a3786895463d7d5a622272db86875,True
data/pdfs/paper_0022.pdf,paper_0022,single_paper,744567,879d0a65be2e2381cc5184c39b5abc5ecb7715a77358db95b837946eebfd5e9d,True
data/pdfs/paper_0023.pdf,paper_0023,single_paper,3332896,73db3ba3d7032e619935affd79ca5401491ab6dade3eb6bcf379ae716b4aa4e3,True
data/pdfs/paper_0024.pdf,paper_0024,single_paper,995707,67b58c90f1de5030b6637ff1504aeafd12afb6ffb463b7d11bb81d801e9d4974,True
data/pdfs/paper_0025.pdf,paper_0025,single_paper,463475,111092df40a5406c7b2778668adabba968b9d0a75a5e8010a470528e93021cfa,True
data/pdfs/paper_0027.pdf,paper_0027,single_paper,584604,3bcdd4e46d0db49c4efb7970878b3715b9af3ab1e5eb664c4ae247437ffa698a,True
data/pdfs/paper_0028.pdf,paper_0028,single_paper,1029593,0ebf589c8b695ac4654412f672823aeadc71ed959bfe00d9c7cbbb6404f2844d,True
data/pdfs/paper_0030.pdf,paper_0030,single_paper,966145,e5964a61f0b678f8a9ebe93e1de5010af34ea3b8efbeceb262a976ec0c70c707,True
data/pdfs/paper_0032.pdf,paper_0032,single_paper,5860268,d2ebb2f23a8b1bfab1dd57dbab8e38e36ef92e20a62aadd48f34a7f9ed72543e,True
data/pdfs/paper_0033.pdf,paper_0033,single_paper,2690906,6dcaef1ee660158049eb47e9a0f574c136dd8a39811998f1517ce008d0406db2,True
data/pdfs/paper_0034.pdf,paper_0034,single_paper,1411166,48d1d1d020e2f1de39c084efa3818316e30738853921b52a8c15bd89c5559e68,True
data/pdfs/paper_0036.pdf,paper_0036,single_paper,3447671,af1562132eacd9d57838891ab6dee3c1e0054b753365be73cdcc5767d7ead08e,True
data/pdfs/paper_0037.pdf,paper_0037,single_paper,1224988,4c3a241903bef23a06768d4cc115e0bbc9a6efcd7202f08a618653d3da47f681,True
data/pdfs/paper_0038.pdf,paper_0038,single_paper,8587627,d7fb82e827e94db423e26cefc7c517d6bfc7e777056be4fac81eb4f6b255e608,True
data/pdfs/paper_0039.pdf,paper_0039,single_paper,2197867,ceb3bb78ea970f6804dc16fcec0229b76147cbf5f8e135a8fd96844bdbd6b444,True
data/pdfs/paper_0040.pdf,paper_0040,single_paper,1301693,885f7bac448f9154bbb0a3cf77153561dc86b1bce9ca5b6f74ef6320fd105119,True
data/pdfs/paper_0042.pdf,paper_0042,single_paper,871786,b654827ac044a1363b5d086c97aea40430b779aff8f0fd1bf3b0e8a44c5b6e6c,True
data/pdfs/paper_0043.pdf,paper_0043,single_paper,254774,10e3b0710bfa278a4bd887c90d3dd4aaaf422410e564a376dd6ef094ad954c57,True
data/pdfs/paper_0044.pdf,paper_0044,single_paper,2531508,24cddfaa8ac0e07a88df911b09b4170d63730b103782cb597eda683d47d45576,True
data/pdfs/paper_0045.pdf,paper_0045,single_paper,2427041,efb2bd80251c29ababc2e065ae719fad4c432d367f4973a860d0e04e0ae150a1,True
data/pdfs/paper_0046.pdf,paper_0046,single_paper,632359,c91c9fae5e906279491ddcd93d6f716b64ac0a47d811b17259ceade42ce3b675,True
data/pdfs/paper_0047.pdf,paper_0047,single_paper,2530482,92d0b236c8e745a5cc0c635fbea0d953f8d7bddbcfbe9dec32717df68e79915e,True
data/pdfs/paper_0048.pdf,paper_0048,single_paper,1319472,393ec1c4e9d346e3dc7962b14d6513613807d43c783342e25fe27b81092f1e9a,True
data/pdfs/paper_0051.pdf,paper_0051,single_paper,755835,8a76a0bb99a16ab4af1338c06fdfe58597dce04600639716dbd23f78dc0bbbfb,True
data/pdfs/paper_0052.pdf,paper_0052,single_paper,2128556,7a4609558aba4857f5417fd155f88b0e373370e2bc2d865570a595baed0db9a4,True
data/pdfs/paper_0053.pdf,paper_0053,single_paper,5784517,bc4b9440a6a00a306afa916238c06f773a971f3b49ec4908e7f2f1e22758346f,True
data/pdfs/paper_0054.pdf,paper_0054,single_paper,574090,fb76bd63ea1575061cd12640cb75c7c8e017ed89c905b5c8778a0035f57a617c,True
data/pdfs/paper_0055.pdf,paper_0055,single_paper,1978693,bc8e47c36ed83eec1d60eeda4e6605ad296d0fc2bdb7492bb1b8cbddff2463a3,True
data/pdfs/paper_0056.pdf,paper_0056,single_paper,1093728,6f6a1067e1e38fc4b2d21996e60b119b27b3113ba7cda47fb0258a44e1293d15,True
data/pdfs/paper_0057.pdf,paper_0057,single_paper,1096574,6e63f1e1fe4a662034255a76fae8eda603b4283c7cc5694dcc837a89dcd8ce72,True
data/pdfs/paper_0058.pdf,paper_0058,single_paper,2000935,19c980bc2b0f68e046b11b7d17ccfe90525771b91dc0d48e02b5932bafc3182f,True
data/pdfs/paper_0059.pdf,paper_0059,single_paper,1978343,3f29f3811a6e14b145b08f76f1c7952b4ce25b2b67f17d0b758b0aafe32fab71,True
data/pdfs/paper_0060.pdf,paper_0060,single_paper,322833,06c520171eed751db162634d8ab9b0d5ddf6584b45b4874b0fde7a6ae2d1f96b,True
data/pdfs/paper_0062.pdf,paper_0062,single_paper,876634,3fc061a426c67a8c33b896b9d7870e3c6b40ae3cfd86162ee1541192a6ba49bb,True
data/pdfs/paper_0063.pdf,paper_0063,single_paper,750474,519f9e0b4fac6fa8f10b7903f4c825266d132ccbc7294f50741c48dccd54f8e8,True
data/pdfs/paper_0066.pdf,paper_0066,single_paper,283215,1e4d15008afff612d79952b9d9180f361c24aa54518e24b4b7836f8027820962,True
data/pdfs/paper_0068.pdf,paper_0068,single_paper,810681,3e37b953717c0bd4ab7986726057129cbff1c7fe4ec13ce9c50361b3f3c661b4,True
data/pdfs/paper_0071.pdf,paper_0071,single_paper,11614476,a19bc62a5aafc31eb0f73b37ef7300e7baef121c2a531aab21eb8525fb90cada,True
data/pdfs/paper_0072.pdf,paper_0072,single_paper,680964,0ed57238034a04d6b1b6114e677f0e16b1cc6adfa9d8027e95259494a184ac26,True
data/pdfs/paper_0075.pdf,paper_0075,single_paper,1463787,a0c704bb72ad98c003c80055be138782b75cbc2d267543255293b9aa07adc677,True
data/pdfs/paper_0076.pdf,paper_0076,single_paper,1783497,b7acdad94e2371ff94b93dfbd3e33d0409dd44bdbb4ddfe4185dadfdc8ccc294,True
data/pdfs/paper_0077.pdf,paper_0077,single_paper,675459,de6be7aeae1bd1ae975680149981d0907f288a39c8f280b9580a0b95399f9fa7,True
data/pdfs/paper_0078.pdf,paper_0078,single_paper,1002143,3b9636c350e1e892e15021ff041d49166e5bba7e48f08a6d7d109c6ddd72064d,True
data/pdfs/paper_0079.pdf,paper_0079,single_paper,972790,26de3eddf7e8c6092c9114b53a3eb721ef218bfbd46d93f941646273ab662e83,True
data/pdfs/paper_0081.pdf,paper_0081,single_paper,471593,6f3b6c3a4fc2a67c727207c2a1631d16960f4374bc792204dee0046baf192b6f,True
data/pdfs/paper_0082.pdf,paper_0082,single_paper,1733534,1b0c3842d4524874927fe5099a8908437606823ead16b1dfe8e74e4edf06979c,True
data/pdfs/paper_0083.pdf,paper_0083,single_paper,716969,531208b99f5816f50668904b06c4cdd62c2ef1abedaed28850d45370802729b2,True
data/pdfs/paper_0084.pdf,paper_0084,single_paper,6093721,fec24d40882dcab3ec1d8d7646d3e134fe150c2d97bcdc0e8f4fc9ba1c9e288b,True
data/pdfs/paper_0085.pdf,paper_0085,single_paper,1020846,1534bfc5032b2a0e119b49ef37168c00722532ac2fd1146f3711ff9a23bb1f57,True
data/pdfs/paper_0086.pdf,paper_0086,single_paper,718895,5aaa1a10e0eb16b062f97d2c0e3da0c1b9f0f20b01f94e89e2fdbb7f17eb2c72,True
data/pdfs/paper_0087.pdf,paper_0087,single_paper,304745,28f818a3d0060a794467b0eb82a472523320c1c8087bbaf8ce1133793b6c4cd4,True
data/pdfs/paper_0088.pdf,paper_0088,single_paper,5348329,9ad69d1462cd6608e11d842159842732cce8a50365efbe9dc497d88ddf90c225,True
data/pdfs/paper_0089.pdf,paper_0089,single_paper,144239,ab1142a0062bb961d952f6c642d24a5c4499d9117544cabee79f9344f5c0a024,True
data/pdfs/paper_0090.pdf,paper_0090,single_paper,1403325,802af6ad43fcf080e4a5941619fde84ac0e139e20fb4f430998a8b82454987c8,True
data/pdfs/paper_0091.pdf,paper_0091,single_paper,1572348,bb1da33cdbe73dce1e560acaf956785922adf73ef3056c323e2a611b28b90c42,True
data/pdfs/paper_0094.pdf,paper_0094,single_paper,3604924,f78cf8bff98699d1df707fda2d66da5cfece1f9820bd0aea59f05ab1f65cd184,True
data/pdfs/paper_0095.pdf,paper_0095,single_paper,764247,80792a9741fb6965eb6c9612a6786d0147a1b4530b3b3bfacc997799a8739ab9,True
data/pdfs/paper_0096.pdf,paper_0096,single_paper,1432635,2b62c52431eaa3c4c9aca2f76f77572ed5c208a0883d4fb7505fdc7caceb664c,True
data/pdfs/paper_0098.pdf,paper_0098,single_paper,825648,8247bb6904d8b84daae657c441174d6931eee2a154e6958dc8dd3ff1bc531015,True
data/pdfs/paper_0099.pdf,paper_0099,single_paper,2926054,9487d2f59cb7de411fed42c41713bef3b79e31cfd2eaa3f0a6150c0e5e135cf0,True
data/pdfs/paper_0100.pdf,paper_0100,single_paper,404052,a7747cc89256900addda7981b1ec80a76f2c2477c65ddd913a94509efafa99f9,True
data/pdfs/paper_0101.pdf,paper_0101,single_paper,1730661,42eead976a3d016c8f145f7932cf858934938fdff3442b1397e046087583d50d,True
data/pdfs/paper_0102.pdf,paper_0102,single_paper,2326368,4c45f59c31230fd3c276f06fcce9bee272ddea16e9677455decd95ec5526f690,True
data/pdfs/paper_0103.pdf,paper_0103,single_paper,127233,12ebdfabb677855706de0a81581b4bc9e47c19aa37c862a093e43e1b0df70685,True
data/pdfs/paper_0104.pdf,paper_0104,single_paper,725374,a30196283a93ad63c95456e28c1a1bb1931f08cc778155a847e0a6e3a78fdb1b,True
data/pdfs/paper_0105.pdf,paper_0105,single_paper,2940738,8a5f3645e76f2ba38a747c85c4bcb794ab62245d2e993b60d811bd6772e3df7a,True
data/pdfs/paper_0106.pdf,paper_0106,single_paper,5815880,376be6cea8e925e83175e1ed655d004c0b79e2ebbb35b7bfd9f9c98b961932b1,True
data/pdfs/paper_0107.pdf,paper_0107,single_paper,836569,6541c578846124092d11c28dd646c4e520332fac985274da47ac7f549368eb40,True
data/pdfs/paper_0108.pdf,paper_0108,single_paper,3681094,36668772b4f5aa5a1f472db32ea69db48541bfa0189cfbdd401c9bcca803e0c3,True
data/pdfs/paper_0109.pdf,paper_0109,single_paper,460180,884a19ac0e8a162d60f25cee61236dfea75ed8255d8ec5a6bb07e3937832bec9,True
data/pdfs/paper_0110.pdf,paper_0110,single_paper,1026685,1a53614098d90042ebb466e0bb015200644e442d46712d777f46fc6142351463,True
data/pdfs/paper_0111.pdf,paper_0111,single_paper,687132,93f3b819918bacee8da959dd9ab2a362087d182ef247c6ca8f901c4acfb1264a,True
data/pdfs/paper_0112.pdf,paper_0112,single_paper,447418,0f81a711049b555886f6dac3bcd27e83fe8560cfcbbc54be19fcd288d6c5b125,True
data/pdfs/paper_0113.pdf,paper_0113,single_paper,617798,2a9025396451855051a96e72b9dc1522dddb860e755c00d9ba34846b926b87a4,True
data/pdfs/paper_0115.pdf,paper_0115,single_paper,1817240,99ede4e4991f7ea35ad443ca9771395b5d10e9c9dc31d84e54054d0bc44c62e8,True
data/pdfs/paper_0116.pdf,paper_0116,single_paper,901444,66d9693f2e4e4ad391ebb8f4768cd1c4f99b68b653fd35e2cdcfc0c0ab5bf941,True
data/pdfs/paper_0119.pdf,paper_0119,single_paper,7021375,bdc0769d4e7db0c5b509c7fa382678aa62c106cc1d699876f4a487a7a8a12ac7,True
data/pdfs/paper_0120.pdf,paper_0120,single_paper,3079930,1ec1fb30aa2536ebf8065f248a0c09ff5a4e8ebcb71142e6dd6c4e52d86392c3,True
data/pdfs/paper_0123.pdf,paper_0123,single_paper,11593827,5aef8c5f36154465b354cdbd27de7ce1db3753e526bc7be34a834c0a2af49310,True
data/pdfs/paper_0124.pdf,paper_0124,single_paper,1036148,18971bc000e97946d754367d1e6348e3320b0c7a6223443248c6cf4abb311d7a,True
data/pdfs/paper_0126.pdf,paper_0126,single_paper,4406068,947d14f785bf8aa734ccede0a5b3095d74a2bc8b232f5084a7c6879630a68d3f,True
data/pdfs/paper_0127.pdf,paper_0127,single_paper,488671,c8df78e395beea6613a16ff0e2d19eeea1986423246e086ff12413c3847c6256,True
data/pdfs/paper_0129.pdf,paper_0129,single_paper,734638,4bb1d368b19b9d0c75722f8cf63427e8352a2b1c71ece6fe5ba8bae2dd3c3ca5,True
data/pdfs/paper_0132.pdf,paper_0132,single_paper,1018455,0991cfb1c5a474a6b02f4265f07f5ecf0fc70c7ef5a351f6911b5f20ce5923d6,True
data/pdfs/paper_0133.pdf,paper_0133,single_paper,18161950,c3bf7f272ee17bbdfca741b70865fb079070dd09d8a139347471a7d7ec79391c,True
data/pdfs/paper_0134.pdf,paper_0134,single_paper,2030507,192fac4e7908ec15b6505f1779be5d49ef80617b5fdc7ed4601f7494fbd2a344,True
data/pdfs/paper_0136.pdf,paper_0136,single_paper,10564643,0c02c1e86e455b65f853e6ae945cf0a023f3e531b6b7ab07e9b4b10a530ea444,True
data/pdfs/paper_0137.pdf,paper_0137,single_paper,669154,e63167da7710f542e059ad71725c765ad5ff911e724850d94863252cbdad699a,True
data/pdfs/paper_0138.pdf,paper_0138,single_paper,3284843,5c12cd1c43be22629ac7951eea95d1dfe9f15735142bb07c85aecf9f753aa825,True
data/pdfs/paper_0139.pdf,paper_0139,single_paper,7203863,0a094c1d7580fadfa439238a9d52923c5ff3d74d7f3b51a619d6d3c6edbfff9c,True
data/pdfs/paper_0140.pdf,paper_0140,single_paper,669525,5e670811033c699933576da224f5441ce51a2751092160a7b2be3070f3f756ed,True
data/pdfs/paper_0141.pdf,paper_0141,single_paper,264046,16e01236c7184d1279c54e8437f50e8c36718307eed5831b604bccec469e1ca7,True
data/pdfs/paper_0143.pdf,paper_0143,single_paper,523835,3cbdf7b1b7eba580ec43cca9e9f3999bfefac7032145f72327bb6965337d5a92,True
data/pdfs/paper_0144.pdf,paper_0144,single_paper,551376,397a8aa1a57fbec2d8b72b99ff9dc3bb6d0567f4595c485e4263fd57cde34cb8,True
data/pdfs/paper_0146.pdf,paper_0146,single_paper,9195560,6063522f4e48a0a369a4984e121e449d972aa7c387c9a75db027518a079261d7,True
data/pdfs/paper_0147.pdf,paper_0147,single_paper,1189323,432efdad3cbd2ab7908db81e30a7b568c0ddd387fb85df79bc13266412744a8b,True
data/pdfs/paper_0148.pdf,paper_0148,single_paper,698163,954ae1b84f6412813612a0bced677261e7e025951f6dd3f7cb96083aba61f199,True
data/pdfs/paper_0149.pdf,paper_0149,single_paper,9570093,a497fec90975c7e7466891efc09bed17c7adfc944d4d6401c47e5bf82dc8b29e,True
data/pdfs/paper_0150.pdf,paper_0150,single_paper,16565161,2487c2de00af04bf4a1cae1604a4460c638a35e10e44a8dbe98ffb56627ddffd,True
data/pdfs/paper_0151.pdf,paper_0151,single_paper,431511,69b34374d6acf99679f6b7ec7565a92256beebc65b1cbbce5bc6bc772f2156ef,True
data/pdfs/paper_0154.pdf,paper_0154,single_paper,393129,de6d40280bc7d673c5e43feb9c2ab36f0d2dd9e059937a2ad699ceedb1570d09,True
data/pdfs/paper_0155.pdf,paper_0155,single_paper,7612321,87856c128341ffa52b57d143904abf90e3606afd93978fb5b902b0d42794992d,True
data/pdfs/paper_0156.pdf,paper_0156,single_paper,331044,b1b202145519b85304182d9abd43cc4495bd7c79c405ad1ce1db277bed813b51,True
data/pdfs/paper_0157.pdf,paper_0157,single_paper,12482235,4a48c48feeae5c0de3547a7e444d28968e1487cf1f59dda1c82a8469cc1467e2,True
data/pdfs/paper_0159.pdf,paper_0159,single_paper,349548,e47a807e76e16377b3ddfedf63949bd96d5ffab33f4f2e306eded2ee2b735293,True
data/pdfs/paper_0160.pdf,paper_0160,single_paper,630795,bde9504aad4f0953c99841cb6babfedf0f242dd3815792890ab1ec5f1acc8818,True
data/pdfs/paper_0162.pdf,paper_0162,single_paper,286077,b7ed77aacb6999f2f4b42812eece8729388533d881a298423acc07362d7f1397,True
data/pdfs/paper_0163.pdf,paper_0163,single_paper,518842,a802a72a50e15d97c39af77905e800c12a41cab76d9f322a3156561ab69db0f0,True
data/pdfs/paper_0164.pdf,paper_0164,single_paper,3496873,85de076d48301c6bf089fdbe8bf2bd8fa801b648771d7f1226f5dbed58209868,True
data/pdfs/paper_0165.pdf,paper_0165,single_paper,677299,4746624874752e5ecb9edf0a7037b664101b2bffc74f7527e8294ca82aba9f28,True
data/pdfs/paper_0167.pdf,paper_0167,single_paper,593032,aefd022d5c2dc3f48253cedf9812cee909ecb728f664b05a82c43b12bb81545e,True
data/pdfs/paper_0168.pdf,paper_0168,single_paper,687520,c085ee9d0516a7b8d08ac9fb3172f8eace15581c44fffe1af0f172ff1e9cb14b,True
data/pdfs/paper_0169.pdf,paper_0169,single_paper,5657634,9c0910a8b1a0a2d43e404408da8316b0b0905e51059eeb5e49c764e6fc004533,True
data/pdfs/paper_0170.pdf,paper_0170,single_paper,1033979,fb9eab79d09edb9c79925aeaf8c3d0f7e023fc2cc7e88feffb5a2c85df351731,True
data/pdfs/paper_0172.pdf,paper_0172,single_paper,20155408,a4faa30f1fee4ff5a99e326f7ac9361429d1581656d20509bae709e979c4a11e,True
data/pdfs/paper_0173.pdf,paper_0173,single_paper,361711,c03f4f694edb7f3469df8cf0601a0463c1974325bef732b9fa49513152ddfddf,True
data/pdfs/paper_0174.pdf,paper_0174,single_paper,179161,fe0a1fb21dc56ce7d4e4263843fcb12d5fc21f315b9cdf2bd35f4581f2cc9e02,True
data/pdfs/paper_0175.pdf,paper_0175,single_paper,851090,46e1a156e1485c3c841ad525baf76d4ec36f064a5561ad1c27766c4742122264,True
data/pdfs/paper_0177.pdf,paper_0177,single_paper,6451195,2b69b0c826006daa076b2d44d65e9a82c75496f6d38166d1e43de5315279bb38,True
data/pdfs/paper_0178.pdf,paper_0178,single_paper,3372336,df7dce9bd9018870f9bdb46fe91cdf0f1ed604576ae97b418c31fa2ce1e03c90,True
data/pdfs/paper_0180.pdf,paper_0180,single_paper,2505691,c5a176621c3f06dbf6801fe75c7457ddfd82906ca3fd82ee0ca7a7f42bee01b0,True
data/pdfs/paper_0182.pdf,paper_0182,single_paper,708852,94d7e810edcb81c59427074c27d4b179efcfde9960759a70ca89123a935bc542,True
data/pdfs/paper_0183.pdf,paper_0183,single_paper,816930,92e9df9c74d59ec1551c4a0d7657874eaa8aa2fa28674398c52aaf90dccc29ce,True
data/pdfs/paper_0184.pdf,paper_0184,single_paper,481413,349c8c328b3ed0860a0fc2f1ba6115deacf4b845bd8b06213d43a91d6cb4711a,True
data/pdfs/paper_0185.pdf,paper_0185,single_paper,311424,0406b181d7e0d581cc998b271d3e915a7262b03cb76e08f0ded4d3b048d250f7,True
data/pdfs/paper_0188.pdf,paper_0188,single_paper,764596,3857d57da40dce6c802feae4b7b4ec28aa26eab4ecccb8d878cfa1b64a2b0593,True
data/pdfs/paper_0190.pdf,paper_0190,single_paper,2212229,e8c2f644d56c64171b00de9e979d59bb2fe6b75d406022b2ef08ae771e2a4821,True
data/pdfs/paper_0191.pdf,paper_0191,single_paper,890453,8590a1799a7231819392e02b6ccd92e51c3210410c9de02b82c7a25ac6974e0a,True
data/pdfs/paper_0192.pdf,paper_0192,single_paper,709106,ed2526c4a7f07962d914d06dc8451d5204906394ab36b54817cc1690c996e6b1,True
data/pdfs/paper_0193.pdf,paper_0193,single_paper,1423491,186bb6e6e6cd57ccfea3bfd4d9e3488d8d4f6a2f22dc5daa280b4dc813bafb52,True
data/pdfs/paper_0194.pdf,paper_0194,single_paper,10257024,ec74f2e13d05b12b921e5cd18ac469c2eb94b31cf13bbae1a836f367adae5e38,True
data/pdfs/paper_0195.pdf,paper_0195,single_paper,1889659,5798328e3c8661b9eafed0f4a977a966aebd358a56358234b349db02702347e4,True
data/pdfs/paper_0197.pdf,paper_0197,single_paper,936531,ae9c075d3d015c95a1490e495c891c006035acd62de62775d3085587711776d3,True
data/pdfs/paper_0199.pdf,paper_0199,single_paper,571348,5b388e1dee2d870b46ef6f20d1a9cc919684292d393c6e3a7059af89e37d9b25,True
data/pdfs/paper_0200.pdf,paper_0200,single_paper,386259,d7310e38fb8c521b03fe69bebebff65dfdc646525a047fd196efa56b1c64c09d,True
data/pdfs/paper_0201.pdf,paper_0201,single_paper,2425308,dee7c721089c5e4ff81f2fae093b19cf7ab097c8ec0ba21b280b70dd3317d8ec,True
data/pdfs/paper_0204.pdf,paper_0204,single_paper,4499640,e1e8af5cb5e0323b5ada119e0901fd88b8de18ed709880309aadb3b47becc670,True
data/pdfs/paper_0206.pdf,paper_0206,single_paper,351250,d6b9069fba47b3873c4f232865e95b37fb73610005765345ca1b3bc37d86127c,True
data/pdfs/paper_0208.pdf,paper_0208,single_paper,4067055,cb07446f13eb12e6ad7bafb170682a4e8ec27533f54942ea9a189ec491ec5b20,True
data/pdfs/paper_0209.pdf,paper_0209,single_paper,475737,6dea0652dc33e110a5d35d3d8cf5af8ae72d36c31dd6733d366c650635611394,True
data/pdfs/paper_0210.pdf,paper_0210,single_paper,631754,a5ebe4907d1e95e56b4de13ce366283b4b5924afd892238c50c03ac267976dea,True
data/pdfs/paper_0211.pdf,paper_0211,single_paper,579374,31faa1849ad3df3da5d9fa1617eac322ab0d577f02fda6e0707f6dd384df6aa5,True
data/pdfs/paper_0212.pdf,paper_0212,single_paper,3440034,d3986b1589ce8654a22341af538c4b356b7d6610e84d452a413f171ec5d2080d,True
data/pdfs/paper_0213.pdf,paper_0213,single_paper,411030,208dfd4c9f2a74d3836d242a3a51294e70ef5dd4fef335c454bdbf08dc25c205,True
data/pdfs/paper_0214.pdf,paper_0214,single_paper,407173,0b5b08557f10b666132ca8d95cd1989f1468c3a97fd8ccb8cb18c5289d1b12d1,True
data/pdfs/paper_0215.pdf,paper_0215,single_paper,1638182,bff57a2ad3cfa09e19f3bccdb6e342bdcab5bfe05002937bd25c21a63745101f,True
data/pdfs/paper_0217.pdf,paper_0217,single_paper,176013,af2a283dc16f10a804b926987e5d75451ca560d425c979342419c1dbe62ff912,True
data/pdfs/paper_0218.pdf,paper_0218,single_paper,234578,0de6ef80d1c4fed17a102bec374b1ebfc18e9a4325bff1bb4d63cf31875c0183,True
data/pdfs/paper_0219.pdf,paper_0219,single_paper,8449851,1a9a139bb4f40cba0cc087b423004beda0a3eb968ccd4c202931971eb61cae92,True
data/pdfs/paper_0221.pdf,paper_0221,single_paper,1180699,1f90a55953546a37d8e68cd1d0999a5569b4bef84205e384acad09aae5a649b0,True
data/pdfs/paper_0222.pdf,paper_0222,single_paper,1100450,f86466e65568d2cec2c691a9e10b2e0925c028f1145d3474fd2282b8091829f8,True
data/pdfs/paper_0223.pdf,paper_0223,single_paper,358221,df759a02588a7462a7790767cdab1ee7f1995d12db9719c5fdf1d2c61cd4823c,True
data/pdfs/paper_0224.pdf,paper_0224,single_paper,3185757,c08508983e4cee591454a4319670c3cf8ee42fb1cc37be97c0d6e4dc88dd6164,True
data/pdfs/paper_0225.pdf,paper_0225,single_paper,22675045,46357dd5ec8a4362b14b6ad9408a0f51e88faa967b0d2bca16d9137abd29f9fe,True
data/pdfs/paper_0226.pdf,paper_0226,single_paper,541358,26b4691182c19c2e31336584ac88b1d75c13d8b1eff5401dc02873a22621f3a7,True
data/pdfs/paper_0227.pdf,paper_0227,single_paper,1650332,880b271c3a28cef1c992c86ca9ad55fa4cd6bcaea6c6dd45527fa1fe427be982,True
data/pdfs/paper_0228.pdf,paper_0228,single_paper,388551,d6fba5c9967ebe5658233e08416dac38f7d4e7908627ba500fcae47448106ba2,True
data/pdfs/paper_0230.pdf,paper_0230,single_paper,1118735,6c5b11c4e1db2cbe5b9a85aac85a8021558282d2034869cea8b8ced508f9fe28,True
data/pdfs/paper_0231.pdf,paper_0231,single_paper,504849,c7fffc1272d3202b1a5a24130faf8311527abf193b7d66c2779a5b3b7823ffca,True
data/pdfs/paper_0232.pdf,paper_0232,single_paper,525099,c00581815febc68ac6d6b70aca40f5821c83b0b56e1fec5509a2778f8ca5bd69,True
data/pdfs/paper_0233.pdf,paper_0233,single_paper,1091142,7aeb413b7d6abaa239358cdce411f6475d6ef1571ccc4881da425abb7b9532cc,True
data/pdfs/paper_0234.pdf,paper_0234,single_paper,2253131,d46ffb0903509a5c648f5028241ed4817ff56e3224a5a17c6684b20a76498025,True
data/pdfs/paper_0235.pdf,paper_0235,single_paper,3233674,71f24ccc48e49abd1fc6d5a75c45a7206ebcbfc4f5bb21f3ed40b5a51aadb390,True
data/pdfs/paper_0236.pdf,paper_0236,single_paper,466850,89faa8bc6c0b627ffb661b4aa95f4a4aa9403e3793ecfc03912d17e2e3754133,True
data/pdfs/paper_0238.pdf,paper_0238,single_paper,653427,9bbb589de25b5063c0cabadbe401a24d46174b321155f589db1b0247e7c21c0e,True
data/pdfs/paper_0239.pdf,paper_0239,single_paper,3394282,642b5a25738a77a71537dd46477030f35b64a8390a519da3bf314047ec025798,True
data/pdfs/paper_0242.pdf,paper_0242,single_paper,565165,c3644a2ece67d3b58047e837f366cd760e9cedf1e838306caf784b7b6ff9f157,True
data/pdfs/paper_0243.pdf,paper_0243,single_paper,448317,5f4f1e77b5034d19f09b8c1dca07206e190f438013c8f07f8dd2fad80418c12a,True
data/pdfs/paper_0245.pdf,paper_0245,single_paper,361521,375f44ebcb8dcf980cb1581f24946d14f147dbddf32e33028eb19ab8c04c83db,True
data/pdfs/paper_0246.pdf,paper_0246,single_paper,2538853,7cf5d7dc53b99aab0d1bca06b457161080739c97ed7c6be0a80fac9931ce1543,True
data/pdfs/paper_0248.pdf,paper_0248,single_paper,699836,facc473f7c489a5e36b97e6151118ca110de837f43d4a7ef0c7024038d427b1b,True
data/pdfs/paper_0249.pdf,paper_0249,single_paper,5898670,8913f323f6017e13515f2157ea1fa2274718690dff42795a975f4a813bded35e,True
data/pdfs/paper_0250.pdf,paper_0250,single_paper,3115280,7c658cff0f6ad6183d48ce55a3bb634cceb56ac4558b74dd9007cd0e01667bcc,True
data/pdfs/paper_0251.pdf,paper_0251,single_paper,7433126,2d295251d0826f3116b0a62c7fec208f72ec9153dc2a0d1bcd9bdfbb8d8e79f3,True
data/pdfs/paper_0252.pdf,paper_0252,single_paper,19778601,7e681ea212d85b297b34521a4df14c7160245af5d8b0b1d59aedbf96ee316c07,True
data/pdfs/paper_0253.pdf,paper_0253,single_paper,455729,9afc3021a94fcda90c45fefe7f84e617d0a7d3cd590992a98fcaf1c89cf06bec,True
data/pdfs/paper_0254.pdf,paper_0254,single_paper,4311172,3a6764b3b9484e8379819762378cdac6f219e4f2df684cfa6a400aa6be1351d1,True
data/pdfs/paper_0256.pdf,paper_0256,single_paper,6578792,7169924fc5b849b6d6009e4bb712b0b44820631d8eecbd29a1c3162ba1acbee4,True
data/pdfs/paper_0257.pdf,paper_0257,single_paper,5395235,f0279ac348777839e58fb5b311aa2709d10cea1928eb65c5a5d5cfd351c317d0,True
data/pdfs/paper_0259.pdf,paper_0259,single_paper,347265,306ad62f9aac981c3a92bd5f45a988fb0bb30c00ad5ec73a161b861d79b34aad,True
data/pdfs/paper_0261.pdf,paper_0261,single_paper,664939,67de85b70a475f10e23f35aacf0612db02790fae348463eede969804198e64b3,True
data/pdfs/paper_0262.pdf,paper_0262,single_paper,10820832,562ef6ba2184e985e36b12459dac14b37095278ff91431900531ab86da0df7a8,True
data/pdfs/paper_0263.pdf,paper_0263,single_paper,792213,b82ba1950de20223647437d2113b81832f64e6fcd1269abac80389a16be11b15,True
data/pdfs/paper_0264.pdf,paper_0264,single_paper,488229,cdb4f027f9f8ecd605b6a851099d20a2926b0937d98fd1492b5e64e19698b9c5,True
data/pdfs/paper_0266.pdf,paper_0266,single_paper,7002657,cca4fe3bfd21a6d99e1f626b0861c875d08041524b88e2d5d02a46586f3aec6e,True
data/pdfs/paper_0267.pdf,paper_0267,single_paper,938725,fb141d616b890009dfc6a57b5248f27ed3121ced69e73ce8f9ba0612dc4bbca8,True
data/pdfs/paper_0270.pdf,paper_0270,single_paper,416266,1337b4702262661b93d4d78f7f9ab7149cb0b2508a72d77e0382b3d024235ed6,True
data/pdfs/paper_0271.pdf,paper_0271,single_paper,2752104,9d1fe6af8652eee63a4352b4f01b27ea272f7ac268e2053ce5215e3dd0d41ccd,True
data/pdfs/paper_0272.pdf,paper_0272,single_paper,1270747,82177602c7f357b46f35a78f501d4820c3b0e140648cb23321a698ff067d0a74,True
data/pdfs/paper_0273.pdf,paper_0273,single_paper,512693,13c8ad5dec4a93567e125877041482031116e2223ede47e2cb6982e4664adbca,True
data/pdfs/paper_0276.pdf,paper_0276,single_paper,16246958,7905dc1c5055162bc14e2dfc61967b0d635355ae437f2e6787738c79761e9dc3,True
data/pdfs/paper_0277.pdf,paper_0277,single_paper,4362197,98681221ea4da74dbc60c1cc9e961ba619964e84320af53699ccc3bd22887918,True
data/pdfs/paper_0279.pdf,paper_0279,single_paper,1413486,4aad9ab33757040d0fda5f66395564e46db1b679b971fd211a1288169e91249f,True
data/pdfs/paper_0282.pdf,paper_0282,single_paper,731790,a1d9a02b4107382bc42af2f930822deee687b53652b07e3d500108eb30385229,True
data/pdfs/paper_0283.pdf,paper_0283,single_paper,4224303,fcd22215c2de0d71780f091b3f91282537df3be32e1b42aac97c5f16bd75f65d,True
data/pdfs/paper_0287.pdf,paper_0287,single_paper,12369385,0c03c0a3c7be42161075f064c907cbdadac53ce9ffb35e2ff58aa6b3b336aac7,True
data/pdfs/paper_0288.pdf,paper_0288,single_paper,645856,8165b5578be72df4dcb938844924736bb88d3bcd8878d6f0cd28453ba29f2919,True
data/pdfs/paper_0289.pdf,paper_0289,single_paper,2558441,7d127b0dae51e28a7681ed8c8b434fb36522750c8770a6a2d8b4986d366e4953,True
data/pdfs/paper_0290.pdf,paper_0290,single_paper,389903,8db92914a4b12df04f34adfd5dd280814b81d46c38524b918c4b4c359cd990bf,True
data/pdfs/paper_0291.pdf,paper_0291,single_paper,817306,f2ece7fb46416a3f7a0043b52f522f3092f4034b99121958503c73cc11297cba,True
data/pdfs/paper_0292.pdf,paper_0292,single_paper,2068518,ec9f5fb501773f94b6dd8da55d5903e1f5e98fa71c77124c8dd7abed92ab4e65,True
data/pdfs/paper_0293.pdf,paper_0293,single_paper,566997,909c550d2ec69b4376dc31ddf9973e6876efe491b69ea3e28061198da8877e89,True
data/pdfs/paper_0296.pdf,paper_0296,single_paper,922835,50efb41e28c81336806f8c32d8e86b3415ee69a2bc2e58eb7db05de8d0d9ee3b,True
data/pdfs/paper_0297.pdf,paper_0297,single_paper,4066757,0e3105da2c50b12d68aff0909f1c3d6129cff237df45e8187acd73ef86db35e5,True
data/pdfs/paper_0298.pdf,paper_0298,single_paper,590380,f0675e8d0e94d89aa99056b5d0604b5345b0b3080225def84aca52f70d3019fe,True
data/pdfs/paper_0299.pdf,paper_0299,single_paper,2043323,674216a27ca28fd11eb7d59f1de62182dc7faa7d0812376b476a8c12526b02f0,True
data/pdfs/paper_0300.pdf,paper_0300,single_paper,10524816,89d945f622ee98e23bd5d15225a373dc1c70c0a42c18c5c74969733bcc2c2cbf,True
data/pdfs/paper_0301.pdf,paper_0301,single_paper,1985362,a6bd2aae4f46724c000be6739f37a19633eee8678662b940efdd53f30a9f77b4,True
data/pdfs/paper_0302.pdf,paper_0302,single_paper,556783,db50b363d17178f44e9e4f02345640fdfa7c812e97429f4ea920e170691f9e4c,True
data/pdfs/paper_0304.pdf,paper_0304,single_paper,3135191,4f7c356027b0a74872267dfb3af06fee21ca15fc7c0d9daab99a7683105aadfd,True
data/pdfs/paper_0306.pdf,paper_0306,single_paper,1101875,0e760d09fb17f59a95242b305afb05314d013bb2d3aa87b40e670b95bb962ad6,True
data/pdfs/paper_0307.pdf,paper_0307,single_paper,1198350,de24eaf6041f4ccb5670879c424d3e8c9931c491b6219750a12baabedf42a23e,True
data/pdfs/paper_0308.pdf,paper_0308,single_paper,9857077,20292c4603eeed394d0c8d15810da6ae5997e3c0ff9f6a4343d7a7388fbaa0fa,True
data/pdfs/paper_0310.pdf,paper_0310,single_paper,557051,90817d009fefe15074d8d627068037c7ce6287c3d04d5363161759e02bd05a7e,True
data/pdfs/paper_0311.pdf,paper_0311,single_paper,881921,866d56366517f50c27574c4b821465b176ba198740ec794e919f5c37a0d1aaad,True
data/pdfs/paper_0312.pdf,paper_0312,single_paper,829396,e152c347c9277494c7734765d9e3ad3512dd9060ef9db02755f7f4bebe6f519c,True
data/pdfs/paper_0314.pdf,paper_0314,single_paper,901290,ba090dc437364fae90e69f605d4fee86317d61fc5a0e255dabce084f7e45c57b,True
data/pdfs/paper_0315.pdf,paper_0315,single_paper,1199383,97abdb097621fa688802de97de84c7e95b56afcc6d99a8c02ba79d8d41005fb4,True
data/pdfs/paper_0316.pdf,paper_0316,single_paper,2883144,3cad5dde1c937766c1ee6414e71151565f65c9ce07584748f68cdc3d6c4081c9,True
data/pdfs/paper_0317.pdf,paper_0317,single_paper,2866305,363dd471469ec69ea10d9800b473f1eb40f21c9d6c7e3dab2390404287038e36,True
data/pdfs/paper_0320.pdf,paper_0320,single_paper,3134664,2b6e8c6381a673953cf422e6b127d1ad2bc878204a7fd0e8de2c8178b7e141e3,True
data/pdfs/paper_0321.pdf,paper_0321,single_paper,1155167,0eb7c98a0b6d94d9c78fac4e9a6a2737eafde2dde9853636aafbecf9b1c791f2,True
data/pdfs/paper_0322.pdf,paper_0322,single_paper,467958,cb169bfadf5816251989f614ea42d8e6f45705b45a77b9c78d442d1421089c9b,True
data/pdfs/paper_0323.pdf,paper_0323,single_paper,1782636,702f55423551564e60b8b80af3899eb667852c43ba56211b920305b348eb987a,True
data/pdfs/paper_0324.pdf,paper_0324,single_paper,343790,2f57874e0995ddbfae533480e21bb38710a0f2e7967b34c1e81efed4eeaddfaa,True
data/pdfs/paper_0327.pdf,paper_0327,single_paper,3903596,c07fe700d3e7bc554f114e90f086d19efb751d59fb58a40789e4b47c3d25b4d9,True
data/pdfs/paper_0329.pdf,paper_0329,single_paper,188911,f524a3d039adf5286f200f5e05faa532e79835085e8c264d3b18c7aad80b4dc0,True
data/pdfs/paper_0330.pdf,paper_0330,single_paper,440423,de21634519e3035411d06c2fd4a2635d6f9ed1eb4a89f85c8e970c577d683841,True
data/pdfs/paper_0331.pdf,paper_0331,single_paper,727770,c2fd7c8615e1d4aade4ebe913610b5f5dc5a443c727f37059cdf158792d6aa4f,True
data/pdfs/paper_0334.pdf,paper_0334,single_paper,2118801,f399106b7579e136592d368e8b23a7ce6ba3e7990db0f0d64626f262669337e6,True
data/pdfs/paper_0335.pdf,paper_0335,single_paper,377041,a673ef3f2d1226561648458031f2bc745ded41275e2287347e4e024b4fe0e9ff,True
data/pdfs/paper_0336.pdf,paper_0336,single_paper,416849,55d99c0a1617cb366d55ea54e33d089a15bcd0e29621f254703bdef0a05abff8,True
data/pdfs/paper_0337.pdf,paper_0337,single_paper,1081068,9d2d22044e33fce814f11c278ff96735f9c4c074e5f097739b998d88bf6c515f,True
data/pdfs/paper_0338.pdf,paper_0338,single_paper,3068936,0d3242f1cd9e8d173d0e76d401ab414e8d7ee0a00c7115830b0c28adeff809fc,True
data/pdfs/paper_0342.pdf,paper_0342,single_paper,463731,19422b1c53cec0d5a29a9b42356ce4d5d8ce851d44f4b21899f2b4184a005a6c,True
data/pdfs/paper_0345.pdf,paper_0345,single_paper,3960708,dd7a92c840bf7b3425f9069411f7c8ba87bd8a500105390d3326e83e0507a7ef,True
data/pdfs/paper_0346.pdf,paper_0346,single_paper,7911043,b9c790e7de43068bd5bfbce3ef365dc9a3da80e209e9a2a8fa53856b4f20e219,True
data/pdfs/paper_0347.pdf,paper_0347,single_paper,2324788,4538394512308f70942723ab91871a5c883ff6c32234b6158e06dc6a51dd4fdc,True
data/pdfs/paper_0348.pdf,paper_0348,single_paper,3624849,a9958777ca7c5a2693b4bcea11de8f21eb84aed37e1c581c330cd11dfd334046,True
data/pdfs/paper_0349.pdf,paper_0349,single_paper,5345363,8da059a27e57f7fa66e9b710197435b2631041a5ca849ad33fc22e87817eb15f,True
data/pdfs/paper_0351.pdf,paper_0351,single_paper,670036,bb1ab766de3e8262f6d80e7baa9acd790d958d75f418e179a7b239e5a0e70166,True
data/pdfs/paper_0352.pdf,paper_0352,single_paper,2182869,9ae7924074ce6158343e0eae10f3ede071f55587d9f93f0fcd983933683372f3,True
data/pdfs/paper_0354.pdf,paper_0354,single_paper,758138,b44cbba9726367ea146cb852c99e8fc46a9bd986ba46f58cb6d7bcc0338fe8ce,True
data/pdfs/paper_0355.pdf,paper_0355,single_paper,671061,4e522875053802fd45f0f001b1a15ca2d360582923f6e52b1e8906ea24ee0a8c,True
data/pdfs/paper_0356.pdf,paper_0356,single_paper,3433547,73884eb08c7ac746e5d8247a940c162c18946c84c5e9e85f2bb447534c97df2b,True
data/pdfs/paper_0357.pdf,paper_0357,single_paper,741762,e090550ceb341267609339b919f8c4292afc15c1e80f0508c3609f7a8254af7d,True
data/pdfs/paper_0358.pdf,paper_0358,single_paper,1296632,16eba9a30a71b1eab6f2d84a1314ed4235c5a15d9de44f4ada0eb6b523301e1d,True
data/pdfs/paper_0359.pdf,paper_0359,single_paper,11683591,c0dd28e8827d964b2d852028d68e6369cee12647e0bdc03641ad9f71be881604,True
data/pdfs/paper_0361.pdf,paper_0361,single_paper,1860174,78f18259f8c11b7a6fe61e290719e5ac6f1e0709f0e40773a1ba7bedc946eb30,True
data/pdfs/paper_0362.pdf,paper_0362,single_paper,3569279,c6a6c9bb651b5638e9b7ad02ae9ea8d1e30119b0d2b8be68fa90034e50467032,True
data/pdfs/paper_0363.pdf,paper_0363,single_paper,872349,9b1129ee7c1b5794ed82fdf95e98a154265c9554ab4ec9c606bd77fface6453f,True
data/pdfs/paper_0364.pdf,paper_0364,single_paper,403758,8a82804c66daf69fe40fe963847d5a3d6395dd18fd43a331a41255566f0f23ec,True
data/pdfs/paper_0366.pdf,paper_0366,single_paper,506658,bb64746e3c2e8a211e9ad17ed9aa3925796697941e18d4479809ced426e6f9da,True
data/pdfs/paper_0367.pdf,paper_0367,single_paper,440061,3fc6322b411cd1b1841eb4287073fe0960a15d12407377b97435da7e465ccbfb,True
data/pdfs/paper_0368.pdf,paper_0368,single_paper,2192920,3be03faedb0446eead1566aaf044bc2470a092c96d381d069c5dbf1e9b24fbac,True
data/pdfs/paper_0369.pdf,paper_0369,single_paper,405468,bcbab5a3ede7e8f521baea25c03879343c7debcba17b658e0b8ceacdc9619146,True
data/pdfs/paper_0370.pdf,paper_0370,single_paper,13535757,32c91dc5beb88e12384b828527275c1db1444799765332f6f54afa5a63ad1032,True
data/pdfs/paper_0371.pdf,paper_0371,single_paper,507037,9a4ea9f9c724e9ecf38faca067c82699d908446038b8a52ebf8bd174f7b05e0d,True
data/pdfs/paper_0372.pdf,paper_0372,single_paper,18822225,dfdc81bf259f64401d32ad3f697dc4b723413b25545865c9f5a12e27bf3e5bef,True
data/pdfs/paper_0373.pdf,paper_0373,single_paper,2383436,c2ba7ae359ebd8ef42ac5e0c2f3821333c8f21aafc241367d6961896e0bc0b33,True
data/pdfs/paper_0374.pdf,paper_0374,single_paper,714527,8ea9e351e24966847132f76112cab706b83d37f88f7c44af5b280375b19efb01,True
data/pdfs/paper_0376.pdf,paper_0376,single_paper,689284,bcea824a3a38632b00c904ea2873f5ac163f05888e711bd360cbad88c48e968c,True
data/pdfs/paper_0377.pdf,paper_0377,single_paper,10436067,ca1db7c890dcbba92326bc0b475ca39ec054bb429b63e51b475b8bfb33a04705,True
data/pdfs/paper_0378.pdf,paper_0378,single_paper,2582139,cead4b64b0005c108d2ee2dc27f9c3373af94c722a65e464a0d56fb8b4f10eff,True
data/pdfs/paper_0379.pdf,paper_0379,single_paper,4503824,218dd13d8033513b505bed4e9a5885730cf2583ce9c884747165420621a7eb41,True
data/pdfs/paper_0381.pdf,paper_0381,single_paper,606105,b83a632c61086d0771e08d27c36c48736d522c477ad905276d1ca9d0995e582a,True
data/pdfs/paper_0382.pdf,paper_0382,single_paper,344361,813bcffd92fc894e63effde194a7779dd33264f10cf291819758c5e903bafebf,True
data/pdfs/paper_0383.pdf,paper_0383,single_paper,518320,3e4fcd1ff6d9edd82f1bf93ec0392290e7cf53b48d27340f397924e74be4c1c7,True
data/pdfs/paper_0385.pdf,paper_0385,single_paper,391022,cada51ff392463b78ed6871930426a2654e00dc4d9c3e97871cda3db3dc003fb,True
data/pdfs/paper_0387.pdf,paper_0387,single_paper,321667,1b63d2c31c9caaf507352bb7a6ba5b2c9d02415d624fd20edd47d78a3d24dfa9,True
data/pdfs/paper_0388.pdf,paper_0388,single_paper,1624670,a2a05e77288002d9e7fd3d90a8eb17da8251c0fc1e97a91f972bc45eadc9c035,True
data/pdfs/paper_0389.pdf,paper_0389,single_paper,283964,cd0066bc561be700387694b227e6c2c064bad74890b486c80f782013676ffbcd,True
data/pdfs/paper_0390.pdf,paper_0390,single_paper,832675,8dd3c1892109d362acc4f12e3d831ea6213c271daeff5a1f6c3e15bfd55aa4e4,True
data/pdfs/paper_0391.pdf,paper_0391,single_paper,568765,ea772c1d15c4ae1faf095c8305087797ba890314967d99233711324626061c8b,True
data/pdfs/paper_0392.pdf,paper_0392,single_paper,846394,d7c3ab9b71acd61e8e86c31b958ff8f5b787f1fd7c502b40df2573b3b5f00ac9,True
data/pdfs/paper_0393.pdf,paper_0393,single_paper,4053045,779204b382616fa90d74aaf0268b6ef1b4b1c85c01c8175da43d233e65d5c2a1,True
data/pdfs/paper_0394.pdf,paper_0394,single_paper,616815,498750a75b95c5b7c4050bccf865e2d6a33ea0b74b91a0fe06ee05511ececfc5,True
data/pdfs/paper_0395.pdf,paper_0395,single_paper,341660,e04ea01cfb0dff4c243a0b074d6a53d5225458729896edebb378b6c9baca88f7,True
data/pdfs/paper_0396.pdf,paper_0396,single_paper,3824769,e445f45adb88e7ee1cff69b66205a44270645a929964a378c6b39dabd7c6491d,True
data/pdfs/paper_0397.pdf,paper_0397,single_paper,2630745,41dc7e706fb931a0d4685f48330340ba7c791125b6036403200b27e3ce708221,True
data/pdfs/paper_0400.pdf,paper_0400,single_paper,436655,408ee1574a48b7179211125d20c3268104f3466c93a2fac004ac88ca27eb4065,True
data/pdfs/paper_0401.pdf,paper_0401,single_paper,7343009,fa405f58c887ff016aa9e990d1446baeaad085605e114f5f97981d95e2e941eb,True
data/pdfs/paper_0403.pdf,paper_0403,single_paper,1500476,7b12a669c91f73fe2c6fdfac3c906537a0a0d27cc25e13fe5d5c70dc82ec8c44,True
data/pdfs/paper_0407.pdf,paper_0407,single_paper,16637300,44c6a006bf77f3fcbffa334b0f07d8ed37df6fd69aad0342613ab5648b17b32d,True
data/pdfs/paper_0408.pdf,paper_0408,single_paper,2066475,18dc632cc7c03ad9e341190a089a195fdb82759c7e34cdc22e269db6d24afe50,True
data/pdfs/paper_0410.pdf,paper_0410,single_paper,3904738,6b4b78b09c2adb277cfb0cbc10612a6fb4b5fde47724089d2d23566f662ffc6a,True
data/pdfs/paper_0412.pdf,paper_0412,single_paper,9027198,9d0a7045f1e94b2f630b494ff4a63d6df591d422d04dea15474da5dcbae18f74,True
data/pdfs/paper_0413.pdf,paper_0413,single_paper,4828526,1d6e6a94fa420e706e11868674bc469dff5f970ee2fc7eea750783137426a449,True
data/pdfs/paper_0414.pdf,paper_0414,single_paper,2244193,686449860082bc3cd55e0afdd5b60ee46e13fd044781cf9aa4bdf1113ae9b4b2,True
data/pdfs/paper_0415.pdf,paper_0415,single_paper,1106333,53457cfad40a44ab6db218827da268306759a944d770d18ac4bfb7af60d11f71,True
data/pdfs/paper_0417.pdf,paper_0417,single_paper,1276503,30cc41c392c9da047802121fe4d1497336373c577fb61977773b06d2a7d1372e,True
data/pdfs/paper_0418.pdf,paper_0418,single_paper,817643,59e366e8cc6be17a7b46fae868f2653e25ac7658f34916b3b08cbdee125f6ed1,True
data/pdfs/paper_0423.pdf,paper_0423,single_paper,749886,a6511a0d313dc5dd85416aec3a7736332896c5fd57cf26ff3e36c2dba4c07a7f,True
data/pdfs/paper_0425.pdf,paper_0425,single_paper,2366176,77d54d65223ed0029c151f9c56c678c25132b80965079b1099bfdf4e3037008a,True
data/pdfs/paper_0426.pdf,paper_0426,single_paper,11149991,c6fb1856783e7069f0ad6a02ec7319e7a0396a913a3ba9c7d15f82f0edd438c0,True
data/pdfs/paper_0427.pdf,paper_0427,single_paper,617272,84e633e79ab8124d4f7520ed38a291484719806767678b0a4f115763406cbdee,True
data/pdfs/paper_0428.pdf,paper_0428,single_paper,789996,19f306092f4c99a7c5c68634a26337d1d6f22829723ab1de4c5117f7bb835017,True
data/pdfs/paper_0429.pdf,paper_0429,single_paper,422211,a8544ade6f11cbb89de2108ad0fb63e34b16bdd4325b06dc4c299ea8c2a1ed27,True
data/pdfs/paper_0430.pdf,paper_0430,single_paper,8446431,2009dc845534ec1e41c811a6fc6460985c912f457abc4f467d222f33dd3ac395,True
data/pdfs/paper_0431.pdf,paper_0431,single_paper,316856,36aa39050f85327b1cba8760ea8dec3a3780844a98c655a499d44d20c13f15f0,True
data/pdfs/paper_0432.pdf,paper_0432,single_paper,395477,eeb515d5af58392042ac4c59465e9de4937f4363091ad3fd7c5f51df2deee9bd,True
data/pdfs/paper_0435.pdf,paper_0435,single_paper,362026,87db8852246c282ad9c0cdb1bd6a64cc5a59dabd8df2d2d8ed6b868c1b6b7e2f,True
data/pdfs/paper_0436.pdf,paper_0436,single_paper,6414862,a909284ce843a1cb9bf1604132677ec0c82a982297bbbfd9221b15ec78adfbec,True
data/pdfs/paper_0437.pdf,paper_0437,single_paper,24339260,f73d591158c762511a4e6d3ab973edadb5e1437e0ffb68e908c512e367dafde0,True
data/pdfs/paper_0438.pdf,paper_0438,single_paper,5270137,f0daba32ebae6fe38a1cd96942984daaa3f03670d497376ee109c419fca387cd,True
data/pdfs/paper_0442.pdf,paper_0442,single_paper,3970623,ffb74b9f11178403b99f36b5cb324d90a3bffdd9597fb6e72f6164be6dea1d31,True
data/pdfs/paper_0443.pdf,paper_0443,single_paper,1538007,96aaaa103052a6932019fe8ccf4dd5d3740885b2e26392fd63ea634b7458cfa9,True
data/pdfs/paper_0444.pdf,paper_0444,single_paper,2504160,5c8f57639edec461eed2e80b528957e6d95f5a74324f62a5d7329c9b03b36e21,True
data/pdfs/paper_0445.pdf,paper_0445,single_paper,418625,2b8e4db9d25c15bee5a41fc8adee052aba8890dc71e092248b8446bce7effee0,True
data/pdfs/paper_0446.pdf,paper_0446,single_paper,199266,1f99d1447a09987fddc2990507487ac3274ed02d83e2925b039ad045893a9f6c,True
data/pdfs/paper_0448.pdf,paper_0448,single_paper,977090,59de40893764da28be163acad163974bddaafa4913ad9576eb78359ff2226578,True
data/pdfs/paper_0450.pdf,paper_0450,single_paper,1125177,0e8f458edac6bef7a44d621ac18e99aaf0df0026ab530d2595fb0e1ad6052f9d,True
data/pdfs/paper_0452.pdf,paper_0452,single_paper,4591518,b34cad78bead51006ad0eb1d61e6f0687c14d6c720b5617ed394dc48a2675d84,True
data/pdfs/paper_0459.pdf,paper_0459,single_paper,934726,5f12ee6d9e91d982e86a4ec9662e46146b97da797a9a6ca8d1996190565e254c,True
data/pdfs/paper_0460.pdf,paper_0460,single_paper,740492,8ac4ed853b9298a41e35be69c84fda55ff3a0ff90063f8be44a63bd2cc92d5da,True
data/pdfs/paper_0463.pdf,paper_0463,single_paper,889096,fc67568abc841fdbcd33fb154504413521f845f8781624576824013e998b68dd,True
data/pdfs/paper_0467.pdf,paper_0467,single_paper,3168219,b06b9a3f7a992c27a71b24b0a08960fe54ca16f9e94651043bab4458d349d3ae,True
data/pdfs/paper_0474.pdf,paper_0474,single_paper,4604318,98595fd760471d1170674cf396b6e842eb770c39b2f0bb4bd06005a1a0ff07c6,True
data/pdfs/paper_0475.pdf,paper_0475,single_paper,3607766,b9192de0aed5148378b564dc9caa2b47e4913c46967cbfa2a070ddbf9b122e6e,True
data/pdfs/paper_0478.pdf,paper_0478,single_paper,467582,979b1dd6d90893c146b8d4c86d920e5be7f5a7fbd09ae47abb540529c1d36243,True
data/pdfs/paper_0480.pdf,paper_0480,single_paper,1895602,4075c069460a4d6f53cfdb8441072b2df67aff3d2c65cddaec4d81e590056f69,True
data/pdfs/paper_0481.pdf,paper_0481,single_paper,586919,67703b1723d5b2a9e52c3ca79129963c22d0065b7fc2710e0d54274a9275834b,True
data/pdfs/paper_0482.pdf,paper_0482,single_paper,937148,6a301bb6e063f5ba6e76400d6410cb289f2eb61f5df7a65669805d80c84ab2e3,True
data/pdfs/paper_0484.pdf,paper_0484,single_paper,757702,7e9523f137d2b552954fdf64115b7c87868c22c9cda729e7ab673794e5a7dedc,True
data/pdfs/paper_0485.pdf,paper_0485,single_paper,1777178,0805cde8a75ae6f447a756cb80c02661ef9bb3c473b0cdefba0e3432dfe4e883,True
data/pdfs/paper_0487.pdf,paper_0487,single_paper,3966873,9d59f761228d34abbc03d098191da3ff8903b452f6e509ffea4a1c158259a392,True
data/pdfs/paper_0488.pdf,paper_0488,single_paper,6047379,6fd7f96cb45453e9e23971e8b4ada1118e7ec8ca4e9b70cbc7275d6b072e6466,True
data/pdfs/paper_0490.pdf,paper_0490,single_paper,4693299,ea920f824a68558b3bdddd468d7f729a9ade4bcdcd7ad5c55d89b48e6c427753,True
data/pdfs/paper_0491.pdf,paper_0491,single_paper,1411867,0c1bad4478289e23c1fe20f3c5a9bda4b56a89532c4a567a1b3767a738a4cf00,True
data/pdfs/paper_0492.pdf,paper_0492,single_paper,1374418,7bb8cae95a7fc87b4be4ed87b31252760ed91082f1504fc119be1a425ff74896,True
data/pdfs/paper_0495.pdf,paper_0495,single_paper,770062,920116ec2616c9d5bbc6e6f64e5ab251a0aa747cb2a7671a4b15561411014fd6,True
data/pdfs/paper_0496.pdf,paper_0496,single_paper,1366584,46be8240ae5dcf7512b00a9bd4f24aab6e3fe4f5280ad021a29b3369e768ad47,True
data/pdfs/paper_0498.pdf,paper_0498,single_paper,1814757,bec03aa94215926868bcfdbb5cc3e6b772ea88e300f042af69c36031cb89d4b5,True
data/pdfs/paper_0499.pdf,paper_0499,single_paper,3156450,236f6498f7495b0b0bc7f6a46466d78f6768cd4c7ff44254c8d1d6dc22d68dfe,True
data/pdfs/paper_0500.pdf,paper_0500,single_paper,401774,9522b9e2ef88e8c01f23159487aa622a0fd3811cef5f6e1c737027b826cdb89b,True
data/pdfs/paper_0501.pdf,paper_0501,single_paper,2031091,28ac1a6f5c55856ba590084a839eb798a84464b71e7e4251e3c78de23400cc56,True
data/pdfs/paper_0504.pdf,paper_0504,single_paper,269166,59b3df464faefa74b0113d5cdea6012352c828b459fbc1e145c5d7e48e34a2dc,True
data/pdfs/paper_0508.pdf,paper_0508,single_paper,1264388,40f379c2b709fe9476564891f4d3163fb67583df9a84d65a44ee0bedbde373a6,True
data/pdfs/paper_0509.pdf,paper_0509,single_paper,7235504,5844c64f884770094b190f8bbab312d7fe089278f38d9bd8afdd07b3468d1dd4,True
data/pdfs/paper_0512.pdf,paper_0512,single_paper,952425,5575d00cc98756f8b24ffbfa088c5b82f75d186b62297b337916e8729808fadc,True
data/pdfs/paper_0513.pdf,paper_0513,single_paper,1313896,fd07b4f2b3af90475dae8d0c6c35a83ec8160bcd59d74a1466db5a025ba0ac31,True
data/pdfs/paper_0517.pdf,paper_0517,single_paper,1939287,5a739b401aa63d1deb35b7ad63080379bafccdd28120fc46ac2141d3fbe5f4da,True
data/pdfs/paper_0521.pdf,paper_0521,single_paper,760034,56f108bafa74b8dc2c6a3034427065b4f1bdfec6bdce79b81334c75889fb7516,True
data/pdfs/paper_0523.pdf,paper_0523,single_paper,5633260,e1e70cc266045bb950b41fc805b950ce47712c1d44c3e2c26465e1c681e422e4,True
data/pdfs/paper_0524.pdf,paper_0524,single_paper,1501369,69acca834c6c514fa17ef81ef05239c3c92b4c4958445b2a125767ac211ab395,True
data/pdfs/paper_0527.pdf,paper_0527,single_paper,6062415,bfd43b0f963c7f5985245b0c1795bc3dd749d4955adbb3a0260dfc572e78a162,True
data/pdfs/paper_0528.pdf,paper_0528,single_paper,2490798,002a66be996d62e20c17b338b71019f51ea1f7c357522079a283023ccc72b080,True
data/pdfs/paper_0529.pdf,paper_0529,single_paper,5290119,90fed10c40dadcdae7caf6ba4c69ba8a3ec0d2c0429ba27073780182591aeb1e,True
data/pdfs/paper_0530.pdf,paper_0530,single_paper,4262942,ac7922487c904838acd571c2458a96deafad85266b74946e3ab4624d85987406,True
data/pdfs/paper_0531.pdf,paper_0531,single_paper,4914882,acd6678826c9a6801a8512fa2bf367cf46f6b1383b0b53485a1d61a38e24f586,True
data/pdfs/paper_0532.pdf,paper_0532,single_paper,6910010,e046f546c7e8d51b06f1a23522f6cb01ebcbeac6ebf0f0316efe48b24319c6cd,True
data/pdfs/paper_0533.pdf,paper_0533,single_paper,4391663,af15ed7b0f10a521d76b32b9229c44beec85dc1835db6fee5d821b7426afa90b,True
data/pdfs/paper_0534.pdf,paper_0534,single_paper,4080952,f78fd150b87d1223d50a5a64af90d1d7e590b771be709fe385f37ba3272573a9,True
data/pdfs/paper_0538.pdf,paper_0538,single_paper,3659930,86e10196fe26aacb7d805f1d723e87c3bf049637918938b6c12990e9644c97c5,True
data/pdfs/paper_0539.pdf,paper_0539,single_paper,3894166,d6d251e6cb5b246aba5667834cdb2c6fed53d20c6610f043c1343654a7aaebe2,True
data/pdfs/paper_0540.pdf,paper_0540,single_paper,2825413,daca0d20c452c2b1cbb4da9b1465bb7cd1cf599cda0a17fb3784d6925bf92488,True
data/pdfs/paper_0541.pdf,paper_0541,single_paper,3533936,97b060f6f04939246166693c211bb41e547f1aaf00af338840f0aec1b9753871,True
data/pdfs/paper_0542.pdf,paper_0542,single_paper,6556336,243682ccd7f960a310750e189362f5e32c3fb3890c79e65960c443b7fda1aa73,True
data/pdfs/paper_0543.pdf,paper_0543,single_paper,1879100,2653e305202d81542500785c935ce0b54f30484fb5e2ea712f227f6fc16b4c27,True
data/pdfs/paper_0544.pdf,paper_0544,single_paper,826274,cf8b36066eb21f20ba3a67b6dd7854cef24baa8848ac78d7829f119a40ea1603,True
data/pdfs/paper_0546.pdf,paper_0546,single_paper,539896,899528d850bc6cee280dab8c0275c7d3a318531a25b3bc6c98b445ef372aab4f,True
data/pdfs/paper_0547.pdf,paper_0547,single_paper,1172946,72cd94a0e61c4e00a7c3b3b0017e60daaa4d68d7c7b8a93c320434d5d4063777,True
data/pdfs/paper_0548.pdf,paper_0548,single_paper,737067,0102b8b476ba0f7669506990323e08be533e208d012c39da5f01e950872e1cb2,True
data/pdfs/paper_0549.pdf,paper_0549,single_paper,439438,a0c4248700a756053031135ec895f459d82888a9ca875904d5ecd550074ef66d,True
data/pdfs/paper_0550.pdf,paper_0550,single_paper,932899,66a00bd29c23058a529b74d53ec9bc9065b7f9bf2615708ffb340c983fae3db7,True
data/pdfs/paper_0551.pdf,paper_0551,single_paper,598186,44b4d204cfe9b8550e68511a543f0c6d1e30a52b4a37a0d6684c3b2cf4526731,True
data/pdfs/paper_0552.pdf,paper_0552,single_paper,411223,d5a9f801b50f229c42622014cc82488b2107f63a8b1b2d375e179fe6f792d94f,True
data/pdfs/paper_0553.pdf,paper_0553,single_paper,3129923,2c11a12109c61aeeeedcf07a4c6fd91b9204751647cefc694b9c1f17279b33e1,True
data/pdfs/paper_0554.pdf,paper_0554,single_paper,6142273,6d119ebbc2787622b514b535e39d06a6e82de7083641834a925b2e29d6ba6882,True
data/pdfs/paper_0555.pdf,paper_0555,single_paper,328844,39e33328c786314879d802953fac1a50d6ec5ac52c5251cfdeecc142b2da0777,True
data/pdfs/paper_0556.pdf,paper_0556,single_paper,455723,035452b9466afc7dcf8a4ed246257c267b210b7173452a6931dade1078cb4f35,True
data/pdfs/paper_0557.pdf,paper_0557,single_paper,1842401,6e587ba061f2e64dc1e9d06ff32307f8c9b1920a8a9e9c54ea3e2ccc0e71ac09,True
data/pdfs/paper_0558.pdf,paper_0558,single_paper,394565,91ce2ce0d03eb18a2533d0f5bcc4d5610e8d8cf58230cc3474e01888c84398f3,True
data/pdfs/paper_0560.pdf,paper_0560,single_paper,7372300,ff9a3204bc5b1a8d782e4fc609535988c0b85c9a73509627923d77f04f1b9814,True
data/pdfs/paper_0563.pdf,paper_0563,single_paper,306061,850c2e9967cf9b2aca9f85dd534118a6bf42f818356401bb95152bbdf0833775,True
data/pdfs/paper_0566.pdf,paper_0566,single_paper,2712098,45efdca682ff44fc3748dc2264953925d13b686ae73583e88f1d224d63576026,True
data/pdfs/paper_0567.pdf,paper_0567,single_paper,3124364,6293241c879ebd91d256dc4e102b72370446ddbd52fe6a9e5f0c08b4aad184eb,True
data/pdfs/paper_0569.pdf,paper_0569,single_paper,16715011,8f593d0c8c67e1e5ee84d30b9cf19fa9be2421172fe9026e7d5faa9f118c2b59,True
data/pdfs/paper_0572.pdf,paper_0572,single_paper,3255289,9ca4fe58a111f0ede414fe7faf820b9cdf7838884f6d3b21291df59a20c253af,True
data/pdfs/paper_0573.pdf,paper_0573,single_paper,782263,b95907ace326f5fafb3619f327e8680230aba408e1ff389bd93508dd7cf62f66,True
data/pdfs/paper_0574.pdf,paper_0574,single_paper,566722,7593d746734d9e239847f62f7d4819066d5020463b257ad456bbf0104b80dea7,True
data/pdfs/paper_0576.pdf,paper_0576,single_paper,2354791,3b43a25e3721810f53f9a91fce57b27303120ba969b5ac584e585a14d53c10ad,True
data/pdfs/paper_0577.pdf,paper_0577,single_paper,415876,8177e1be7d2d1bfa4290e495dce029010e5f8df20402d8974e6380aeb751168e,True
data/pdfs/paper_0578.pdf,paper_0578,single_paper,1349618,b22c5f01b5f59f68165fd153e4cbfd0469f04fa05aa78ae536796bd064f15425,True
data/pdfs/paper_0579.pdf,paper_0579,single_paper,4792439,d0b846eaca4f5aa5bdf2a38e4ce26fe1b9dc503bf77df798476f189655bc183b,True
data/pdfs/paper_0581.pdf,paper_0581,single_paper,3249431,34f03d5a63cb509550c54740d1d67b64a3958b7d1c1a9f54369bbcbb2bc56f39,True
data/pdfs/paper_0585.pdf,paper_0585,single_paper,721525,37fb93c1b0b325694f4a49e4c278ed1a03a1585eefcab18fb8d85fe522654840,True
data/pdfs/paper_0586.pdf,paper_0586,single_paper,1450650,4aa8689c5d3be38cce641c99565004043de1caa8b5b13a43006556d4709128b0,True
data/pdfs/paper_0587.pdf,paper_0587,single_paper,3514397,eab72990a7c85285358dbf53cb78042f7d2c28e298629527e5c1d0aad785692a,True
data/pdfs/paper_0590.pdf,paper_0590,single_paper,7061074,91e6535cd49b8726343c3cf854d9138d8fe0c8d1f36f360919efa6440c6bb029,True
data/pdfs/paper_0594.pdf,paper_0594,single_paper,231545,d2afbcd564059e7d70e19e73dab311f5f81b4f845d124be6124b119cf68dad2a,True
data/pdfs/paper_0596.pdf,paper_0596,single_paper,631449,d396a4026b81ea52ca3006f679832e42c9d0eced05457079b291d255d2f2f2bc,True
data/pdfs/paper_0597.pdf,paper_0597,single_paper,396802,1c6525a65ecd8c167db10017ec9c0e753b6c5b0c0b1144932af9f2fca6140e07,True
data/pdfs/paper_0598.pdf,paper_0598,single_paper,11001101,8e8c01a2aac7304858ba2dfaea9ebca7580ff4ec920aca534e6761660be17b84,True
data/pdfs/paper_0599.pdf,paper_0599,single_paper,550164,e6024bef6488a57a159990f5c2c01d78d0017527060f6b915c6e5a6f98e7f6a7,True
data/pdfs/paper_0600.pdf,paper_0600,single_paper,1042510,8e725df2109f3bc6cd76583ae82c066b83ea95b5de38f21767cb7c88f963de95,True
data/pdfs/paper_0601.pdf,paper_0601,single_paper,420434,5bbc18ebd7e4cbedf2117608e09fdb4cdfb25989ac2c4a63b8a4f9ca05e3d225,True
data/pdfs/paper_0604.pdf,paper_0604,single_paper,512626,468200438a5a20ade84e9e21582ee6d36accba277ad0c7a1c42701a11c03994b,True
data/pdfs/paper_0605.pdf,paper_0605,single_paper,1135236,d85987023e68eff2f57ad92dc1ed34ae2140e153a82acb83ad83b43bac466b4c,True
data/pdfs/paper_0609.pdf,paper_0609,single_paper,2933165,c5fde79601f477d66daa8d93c87b87b520e8bf69f7f24e0777d078d80ef2b0d5,True
data/pdfs/paper_0610.pdf,paper_0610,single_paper,679651,9f24030c6a3f247ea7cda0e9c01d6dfbbd5377ae015735382c9dbe322ab92d5a,True
data/pdfs/paper_0612.pdf,paper_0612,single_paper,1026767,bb704b216151b7f15b0c481b17e29f27415326cc0e93e3ea0576aa771d97218e,True
data/pdfs/paper_0613.pdf,paper_0613,single_paper,1864428,6c0075e014ffa6c863e8a7c42f92080dda859716d386ac89b16d044cb7af021d,True
data/pdfs/paper_0614.pdf,paper_0614,single_paper,3480204,cce47ad1e6a8dac21fa3b0f75f5a0b4a72e9f9b6c3f91f85f42cde103f4a3fdb,True
data/pdfs/paper_0615.pdf,paper_0615,single_paper,10088684,874093834617a48c1cea0e9f6726e93c23c23bc97b25afe3d121319ea5b45874,True
data/pdfs/paper_0617.pdf,paper_0617,single_paper,4657770,089c98ff6f24f7484b7c973dee55ad59446fb54876ad180747d3802c83f44eab,True
data/pdfs/paper_0619.pdf,paper_0619,single_paper,8371037,bfb09dc7c13b2c167bc1773da1782970052c9d11ca79bfc874a77763f4679775,True
data/pdfs/paper_0620.pdf,paper_0620,single_paper,846538,41df49cb973ac087b05a32b8d1c8c55fd58de234406b62cac2c2858121f56b2c,True
data/pdfs/paper_0622.pdf,paper_0622,single_paper,523617,f513f7206bad68e9738015889fcafca6a82300a2d6c629b61af66c5850e02d4d,True
data/pdfs/paper_0624.pdf,paper_0624,single_paper,3783564,3d19dd3f2ea62bf442e778307d3edeb7895a9c7705ce25162dd1115688708081,True
data/pdfs/paper_0626.pdf,paper_0626,single_paper,1561158,dd2283aa3af1519d7185c9a397b3e087d5c2a5c6b0deeef73ce61885f5703334,True
data/pdfs/paper_0627.pdf,paper_0627,single_paper,354162,a551eddc4b22e562330acba41ef1380e88406a2273c18f784cf86d7bec7ddb20,True
data/pdfs/paper_0628.pdf,paper_0628,single_paper,3788123,ef325558bf39f5fab69fdae7892d87cedd610cb4b9bb9ca52ed54ac2f8d97ccc,True
data/pdfs/paper_0629.pdf,paper_0629,single_paper,517322,f19357ca78f4f6adec417ff03d90edbcf7b02c36ffdfc9b3d0e7a3a2adccb1a5,True
data/pdfs/paper_0630.pdf,paper_0630,single_paper,183787,d701c842f543bf5dee3fe8ed7476d3e6d09e6125b64b1b6416d80aa84984f111,True
data/pdfs/paper_0632.pdf,paper_0632,single_paper,1297028,c0625d8bd0c9d86e3c2a80bf651f093243e56fa35bdab619162dee5ca63ebe57,True
data/pdfs/paper_0633.pdf,paper_0633,single_paper,8075002,5c5f2a9624774cea191843a2f6772bc6d3cb5e32e39e89f5465da699a4642f56,True
data/pdfs/paper_0634.pdf,paper_0634,single_paper,12206621,849332dde9de941a80cd19348693ab90ef7c9bb11e8aed4dfa89311af66dceda,True
data/pdfs/paper_0636.pdf,paper_0636,single_paper,683092,b2527ffd65f5665dada29c2f3fdcb948206c6e57957d44dc3cc89100fca03b16,True
data/pdfs/paper_0637.pdf,paper_0637,single_paper,1716484,d90d5365768d94c8bdddf0afd52f135e770ec6e47867b8cbf080437e19bb6b19,True
data/pdfs/paper_0638.pdf,paper_0638,single_paper,183641,568b94057fa8cca2a93477a9d895653f2993bf8f6bc1cdbc87a148776016dbe2,True
data/pdfs/paper_0643.pdf,paper_0643,single_paper,5563584,a782002a98284513ed7d07ff5d024b8cdec150930c35c87ac764fdd346c6aaf3,True
data/pdfs/paper_0644.pdf,paper_0644,single_paper,1298684,8663c2672893dad5c4f0b4496b5a35c5ae1ece70dde5837d366c2ff2abe96ef0,True
data/pdfs/paper_0645.pdf,paper_0645,single_paper,5122321,daf841a421e56485f18419c00c6aa918ba9d9089ec9985e8bb7d1e07f211f45d,True
data/pdfs/paper_0646.pdf,paper_0646,single_paper,613836,2e688d11a6ed3d72a055723fb2109ca8c23e2a875d6fff12422445b20381a601,True
data/pdfs/paper_0649.pdf,paper_0649,single_paper,1581774,3b1ca97954284c30d7c4e000a746b30b4902ec444195ff3316a71a9889aa71dc,True
data/pdfs/paper_0651.pdf,paper_0651,single_paper,1349565,da966426a8b0b20863ffee6b98cd0a2256b91473b14c2d30276173cdf3ee79d4,True
data/pdfs/paper_0652.pdf,paper_0652,single_paper,3959559,43f9ea373e732e009815a5e816527a265989fc87e00470848e6b924e74928e1e,True
data/pdfs/paper_0654.pdf,paper_0654,single_paper,13087294,33051dce7da53d5ac46be5685f4d0adee43d1de6993c3c5ce4cf9e84613d1d8b,True
data/pdfs/paper_0655.pdf,paper_0655,single_paper,461895,45046c64134ee71a394d4e3358d27da7be09d8c27e1f24234df4b5014c980ba1,True
data/pdfs/paper_0657.pdf,paper_0657,single_paper,706150,0536a513b89783a0a778888c2106cc598f7351048a5d523afca3264103ac61d3,True
data/pdfs/paper_0658.pdf,paper_0658,single_paper,704331,76b586e91cb84e114451c98a8fbab50dea6727d910c6b8f6ef12ca5ff6e4559a,True
data/pdfs/paper_0660.pdf,paper_0660,single_paper,18193147,9eb67709369c11ccf9a3d6c7200e861a95b4f421566cfa1579faf7bfa1b8c6d4,True
data/pdfs/paper_0662.pdf,paper_0662,single_paper,2097109,01cbee7042eb4a9a9e3044eb2004b45af4e8f98c9b41d507b8f3b941cf6c9e2c,True
data/pdfs/paper_0664.pdf,paper_0664,single_paper,966225,9ef00b4ea93be05ca22532d1f124e7a80c947827a88efe88ff39a475b89945ce,True
data/pdfs/paper_0665.pdf,paper_0665,single_paper,15897515,aa47fd6e83ed62dfff17f5157c9b743ef6c4612fdc36a4bd6f43af0f502a4389,True
data/pdfs/paper_0666.pdf,paper_0666,single_paper,3761125,fe7bc6c0e88e543d76d75ca1c97ea6b4bb7ba9f4ed96c9c82e6e7a8e0578d58d,True
data/pdfs/paper_0669.pdf,paper_0669,single_paper,1277527,2d4b5fbc8a64f0c7f6c5f55aa0b23f7ab966bcf1c119387258cecce5b72292bc,True
data/pdfs/paper_0672.pdf,paper_0672,single_paper,242863,f5744086b416345e8878f2a0569c568b3eaf0b8d2506d7d9a6175877b42fd9b6,True
data/pdfs/paper_0673.pdf,paper_0673,single_paper,1221983,cb6cf8dc3b4b791e1c0ab0b0b50c36863615b3935dc6104e8b1a1e27f6edb711,True
data/pdfs/paper_0674.pdf,paper_0674,single_paper,16185168,83d1b2ff7861f66a87a1789b820e67617f8511a15291944eeab7105c18cf291b,True
data/pdfs/paper_0676.pdf,paper_0676,single_paper,917041,d14fce15729510462b885279f5e964028e6e9e9759de386301650e1de5faf1cd,True
data/pdfs/paper_0677.pdf,paper_0677,single_paper,679109,3dc8cbbace4744a6370b1168931fd45917ad3a77a7efd7c8409acfb2002ca399,True
data/pdfs/paper_0678.pdf,paper_0678,single_paper,12849960,9a109131a5004073526abb482c5a9a3b97b298dddbfda1a5fd24e7f676006957,True
data/pdfs/paper_0680.pdf,paper_0680,single_paper,271514,8b6ebbbc00fa7d1ecfbb80d6c41b7f918db53025b1e1b894002cbf8e3ea8e58b,True
data/pdfs/paper_0681.pdf,paper_0681,single_paper,490885,25e9a01df8ad23b8173d9086933a60ff4600e5aea56ab9df4dc5d1cbbd82e3e8,True
data/pdfs/paper_0682.pdf,paper_0682,single_paper,463511,f9e5ceb3c9173f4f32106fafb4c529a20cf97b376e17412586d3e27cf082587d,True
data/pdfs/paper_0683.pdf,paper_0683,single_paper,686302,351bf42d627dd306d25f76495abf81696d1077c0873de7c0c3d729196abe1a38,True
data/pdfs/paper_0688.pdf,paper_0688,single_paper,3256122,438216a16dda6c065b81aa1763c11730bb393ceb117fba410c8466b23b4dd950,True
data/pdfs/paper_0690.pdf,paper_0690,single_paper,5810362,c5b91c25d0cd087da50545719fe1ab85c5a74422c64cfaf65fa1fba561df6d1e,True
data/pdfs/paper_0691.pdf,paper_0691,single_paper,28182337,261232890a03ee2bfc0ecefc9fccba902d97f81d320247a8a7ca3de21bbcdf6a,True
data/pdfs/paper_0692.pdf,paper_0692,single_paper,401473,f3a325c5df1c2700e9094d0cea98bade2b4e60b7518d7e4794aabe8631025272,True
data/pdfs/paper_0695.pdf,paper_0695,single_paper,2748793,427415eded6b1b4551d1827cce66755bacc59aaf00d9f71395d0aa53b31af505,True
data/pdfs/paper_0696.pdf,paper_0696,single_paper,466632,d86b32b6887c4942754622e7f9f491a79a052c4ec7c228c0c5776cad3782ff8a,True
data/pdfs/paper_0697.pdf,paper_0697,single_paper,2572550,03255643097e17dd703d3eefd878e9381c32d3f2246e30b314aa3bd0cbe56db2,True
data/pdfs/paper_0699.pdf,paper_0699,single_paper,737973,f19cae7daaf8105907595c84fb758cfa85e83cd072b4161be3924aec78de75ce,True
data/pdfs/paper_0700.pdf,paper_0700,single_paper,882828,930529d72644d3d5c59fa619c219d7d34712c68daaac02bb954314f60a92ec9e,True
data/pdfs/paper_0703.pdf,paper_0703,single_paper,26307608,eeaa53c0545508e7a05b91e20940d8899a3fa994de196ed8eed095208c81ea97,True
data/pdfs/z_cross_hvp_0001.pdf,z_cross_hvp_0001,cross_pdf,2175386,40f568fee0e7d2ebb78b431933a1ac94b655c6a96021da89c4d92807169b81db,True
data/pdfs/z_cross_hvp_0002.pdf,z_cross_hvp_0002,cross_pdf,2567272,e9d280c191061dc5dca191461ce2e632f952c70ee596b3f8ffab9bf79fe8a5a4,True
data/pdfs/z_cross_hvp_0004.pdf,z_cross_hvp_0004,cross_pdf,5828510,7014e2b3ee4e8e9b4fb2ce1e30b78d3b890d3175ada3cd346c2412576a3cf686,True
data/pdfs/z_cross_hvp_0008.pdf,z_cross_hvp_0008,cross_pdf,874192,05f4006f5b00682028ffbd4243de447797a9be442e5516d31d2095f5a1ec63ba,True
data/pdfs/z_cross_hvp_0009.pdf,z_cross_hvp_0009,cross_pdf,4466376,4c923ea633529a566abdc94e50757f6580557c338bd33bfa89087361bdad7482,True
data/pdfs/z_cross_hvp_0010.pdf,z_cross_hvp_0010,cross_pdf,2842506,93b2e69a743a20d3a72aeaafecde3c9e22a5065a6100475678d6369842968c18,True
data/pdfs/z_cross_hvp_0012.pdf,z_cross_hvp_0012,cross_pdf,11719154,00c48da4164c474f8b48124a612e9621045cb81c61837889857f8358831c95f6,True
data/pdfs/z_cross_hvp_0013.pdf,z_cross_hvp_0013,cross_pdf,4083751,7b52177a060512d8964e9b1f5c1cb90cec5d51b6fe6ad062564894aaef401a0b,True
data/pdfs/z_cross_hvp_0019.pdf,z_cross_hvp_0019,cross_pdf,2441123,e6eab402647449b2517375df30c9ab126f39ba79728c9e62fbc592cfbabf6b60,True
data/pdfs/z_cross_hvp_0020.pdf,z_cross_hvp_0020,cross_pdf,698894,0095a9eb0751b725494fdb760db400e9fcc940bb86ef283641c5fed9ad29dcaa,True
data/pdfs/z_cross_hvp_0021.pdf,z_cross_hvp_0021,cross_pdf,1409536,0cccaea942a3bdd95f753c2aa31ddbee42be6fb0cfba295385ee0825ea2d5041,True
data/pdfs/z_cross_hvp_0024.pdf,z_cross_hvp_0024,cross_pdf,16485688,754a040d3a2890c9cc6c7b708db00b95dfbaf6854955ddfa9eb2cb1520d8459e,True
data/pdfs/z_cross_hvp_0028.pdf,z_cross_hvp_0028,cross_pdf,2621396,9f84c281f87cf2703d8f82224ad1dd2b7ec6323b0d15d5299501a652b41af0bc,True
data/pdfs/z_cross_hvp_0029.pdf,z_cross_hvp_0029,cross_pdf,2588717,7d8da5adecb3571409d223cb472fccb80313d951cc9ef9378740329b6fd4cf6a,True
data/pdfs/z_cross_hvp_0032.pdf,z_cross_hvp_0032,cross_pdf,3367256,4d34d5ff873ea08b08d68ca64e5902f9f9c4c20dbcb025c3ecd3c54e80aa614f,True
data/pdfs/z_cross_hvp_0033.pdf,z_cross_hvp_0033,cross_pdf,12731313,4b14376fe14815cd5c8e3d58aca721abfedb3335655bb8a1eda558f282fb0297,True
data/pdfs/z_cross_hvp_0036.pdf,z_cross_hvp_0036,cross_pdf,1089079,7f9174b516450b2a78f1d542734728204de95dde769925f639170fe38ad038e6,True
data/pdfs/z_cross_hvp_0037.pdf,z_cross_hvp_0037,cross_pdf,920738,eff40a078de1fe1059f3553bf9cb7e7e80dc43623d24f21b3b03a53c18782184,True
data/pdfs/z_cross_hvp_0038.pdf,z_cross_hvp_0038,cross_pdf,2241141,17ee31cb10edc8e9c3eb8eaa32e4bd9fcd3b4465bd31b77bae00ffde2ab3d283,True
data/pdfs/z_cross_hvp_0039.pdf,z_cross_hvp_0039,cross_pdf,1357278,d8fdf711344cf2ee089778027f0b62a9f8b537621621ab73292ce996c31a32d2,True
data/pdfs/z_cross_hvp_0041.pdf,z_cross_hvp_0041,cross_pdf,2605787,445cdaee191aa388dd0e2c6e2e3d95668f0db194306160666a436514c1b660eb,True
data/pdfs/z_cross_hvp_0042.pdf,z_cross_hvp_0042,cross_pdf,4573895,f81c9dd96ece7168efcf51dedadff01165f312577ae61da955e595f3d9a6a230,True
data/pdfs/z_cross_hvp_0047.pdf,z_cross_hvp_0047,cross_pdf,1614242,84a565bf378685240bcdb2a55494ec87e4456e60291a6a45967891cbe2b07e42,True
data/pdfs/z_cross_hvp_0048.pdf,z_cross_hvp_0048,cross_pdf,1663580,91e8dc99ea6a510a1cfa459464106e08cbf83e4162c31617de2171130b18aa8f,True
data/pdfs/z_cross_hvp_0049.pdf,z_cross_hvp_0049,cross_pdf,5168130,d24934b14c7f387b9a8a32c446659e6f32f24304a853cdf144faac795e1678ae,True
data/pdfs/z_cross_hvp_0051.pdf,z_cross_hvp_0051,cross_pdf,9244747,557b19e1bc7a9ce8a91a6b46afaec66efd2e2acf1c04a600e99d50cd12f22926,True
data/pdfs/z_cross_hvp_0053.pdf,z_cross_hvp_0053,cross_pdf,1715495,8226eed3a96433a057134e25fed142c18aedfc99cbc38e5e090ddbb86b031cc4,True
data/pdfs/z_cross_hvp_0056.pdf,z_cross_hvp_0056,cross_pdf,4634356,f9f6304889a27260bf83f437e95ee7e58c6cc0787728a8cf5383fb4c96abfad6,True
data/pdfs/z_cross_hvp_0058.pdf,z_cross_hvp_0058,cross_pdf,14847572,505541e8b7b4eaf8d36933025e628ccbb971caabaed2a9aa89b19fe86348c1a3,True
data/pdfs/z_cross_hvp_0059.pdf,z_cross_hvp_0059,cross_pdf,934823,d078bc039571d5c14edbde171555a26b6b933bace2ba0ced3cf1312c7e975c0d,True
data/pdfs/z_cross_hxf_0001.pdf,z_cross_hxf_0001,cross_pdf,3910559,9925b3ceb82ce424cd3d61c26dd25fb9bbfa99b06d398b908125bb46cb28abb7,True
data/pdfs/z_cross_hxf_0003.pdf,z_cross_hxf_0003,cross_pdf,3699882,c7507f49d9858f8ebc2acc7fad2d2b2af14cc1964ce86edc852d5795e5ac01cc,True
data/pdfs/z_cross_hxf_0004.pdf,z_cross_hxf_0004,cross_pdf,1936300,f4694de5666886b8c8dbe5ffd37b8ea7209ff87d4136e9931faf4ac5ed0423ed,True
data/pdfs/z_cross_hxf_0005.pdf,z_cross_hxf_0005,cross_pdf,3168908,f72817a21ebf8caf7d3312cbc5d59d09f2c3b03dcd0696973a4e2b8ce7a8af96,True
data/pdfs/z_cross_hxf_0006.pdf,z_cross_hxf_0006,cross_pdf,16948988,e53054b9781283b77bec4e72c1465d40f680447719dacea18889b3570ec1b9da,True
data/pdfs/z_cross_hxf_0007.pdf,z_cross_hxf_0007,cross_pdf,5347817,91a77afd65eee3715cd28c4252861951d9688ea37ebd51b714a94edfdcc81fd3,True
data/pdfs/z_cross_hxf_0009.pdf,z_cross_hxf_0009,cross_pdf,7053539,2aceb93b6bd8612fdc03ee54b233d6ddc94d59518a532752c49d8787e2933ee0,True
data/pdfs/z_cross_hxf_0010.pdf,z_cross_hxf_0010,cross_pdf,1767510,4689e95560be2da696b76297f182e2a7b73a21199737c001901ed812e58d7f62,True
data/pdfs/z_cross_hxf_0011.pdf,z_cross_hxf_0011,cross_pdf,4605382,e9c38b39b673a45a90fca6d0f1dbe58824dd6f412454ab9a9170d179088d59db,True
data/pdfs/z_cross_hxf_0012.pdf,z_cross_hxf_0012,cross_pdf,5350119,aaeba209c010662c10079e631bf370caae7a9d5f19e226f3d23fbf8d5d6a451b,True
data/pdfs/z_cross_hxf_0013.pdf,z_cross_hxf_0013,cross_pdf,5037324,ec2682d9be9439c2bd3d926a7ab30b6ab0cd5cdc4da05165a28f3954ddcc0105,True
data/pdfs/z_cross_hxf_0014.pdf,z_cross_hxf_0014,cross_pdf,11414923,bc480ab26c40d0003ce5bb266298e4d24e3787402e486c3a1cb26180cd8f270e,True
data/pdfs/z_cross_hxf_0015.pdf,z_cross_hxf_0015,cross_pdf,17097617,4924b0b0d4f08fff8b39eef1b27911e4e83795200bc579a1ddf383410c97b9f3,True
data/pdfs/z_cross_hxf_0016.pdf,z_cross_hxf_0016,cross_pdf,7055152,4850a253b18828d6a4cabaf659dfbf4e6efe1eba153f7f99670b6d52a02d8a8e,True
data/pdfs/z_cross_hxf_0017.pdf,z_cross_hxf_0017,cross_pdf,2084686,1a75003c08dc6dc461df6d6102f05a87663f23e68b768d5c9e0ade21776f15c0,True
data/pdfs/z_cross_hxf_0018.pdf,z_cross_hxf_0018,cross_pdf,6631053,85499433963dc6604eaf44f1e24ba34ac30b884ad0424fe07143f63f8b63a7c2,True
data/pdfs/z_cross_hxf_0019.pdf,z_cross_hxf_0019,cross_pdf,17637697,2f0d21db1102b39364550cdb7c6b8ab9217ee9f47f66f0c4991dc910c7c271f5,True
data/pdfs/z_cross_hxf_0021.pdf,z_cross_hxf_0021,cross_pdf,6392139,364b11bd04f82e5d786aa6201f1a409a089aa28be2aa107934f6da2b3c099eeb,True
data/pdfs/z_cross_hxf_0022.pdf,z_cross_hxf_0022,cross_pdf,14970489,4c15a61b1e0cf22efd00ef280c4f7a261be1106bb74ba33c6f99105f18c72fd5,True
data/pdfs/z_cross_hxf_0024.pdf,z_cross_hxf_0024,cross_pdf,11625679,51d9e1b26b440970fda0f1bc0e69c2dc8763117b56387cf9833f90a11f3fe8b9,True
data/pdfs/z_cross_hxf_0026.pdf,z_cross_hxf_0026,cross_pdf,7034814,d18e080d0dc9542c23b4d09c5e6c2a93a9389f0fae07fb4ba755e545818c6163,True
data/pdfs/z_cross_hxf_0027.pdf,z_cross_hxf_0027,cross_pdf,4342912,460e486cef8bb2a579a1204b3af14b547dcc936c9dfc57c0b47befa107131c64,True
data/pdfs/z_cross_hxf_0028.pdf,z_cross_hxf_0028,cross_pdf,2270248,e300b7dc5b4f989ede319c11bb56c70d0ef627195b80ea747374481a2f5cbd1e,True
data/pdfs/z_cross_hxf_0029.pdf,z_cross_hxf_0029,cross_pdf,1941048,a43198ae7ffcd771ca2482fc15f2df89c25cf682875787c7835ea659e3de7495,True
data/pdfs/z_cross_hxf_0031.pdf,z_cross_hxf_0031,cross_pdf,13063273,3e83a87e298de4dc97ee8a35a68255c1fcb5ef12a692900da932e034d4be2259,True
data/pdfs/z_cross_hxf_0033.pdf,z_cross_hxf_0033,cross_pdf,1623909,f178a7dd980140970671ba984562bf0ff0960a707e038e9c6d57c77236c48392,True
data/pdfs/z_cross_hxf_0034.pdf,z_cross_hxf_0034,cross_pdf,14768525,6a45d6a6fa0f5027d07aab436a29c95448501a02451917971f037b1662465f9c,True
data/pdfs/z_cross_hxf_0035.pdf,z_cross_hxf_0035,cross_pdf,17575444,f9ae874a2550ba7fde6d6895c529b871d51b7c2c1e1b813f12a4a84d02fd95e5,True
data/pdfs/z_cross_hxf_0038.pdf,z_cross_hxf_0038,cross_pdf,8703452,c376700c2c03e22295850054930544ad854f2b6651d9c3bb4775a40fc1243cb1,True
data/pdfs/z_cross_hxf_0039.pdf,z_cross_hxf_0039,cross_pdf,3896215,758b4b67313d2ca26aaaee9db6c1017e3bf569d0e4f290ec23bd5a1c0e6a618c,True
data/pdfs/z_cross_hxf_0043.pdf,z_cross_hxf_0043,cross_pdf,2080074,19afba08daad22ca0bdfe6d919603bad804dce190f151c774d2a052ec089c2c8,True
data/pdfs/z_cross_hxf_0045.pdf,z_cross_hxf_0045,cross_pdf,5740981,7411ddf1387a1c7d0eff44def595b7fb610915268a0bda0b4a7573ba8d8e29b8,True
data/pdfs/z_cross_hxf_0046.pdf,z_cross_hxf_0046,cross_pdf,5522713,39fc2b0a87df23a6dad6fa9690032acd5517332184ebd1aef9d8ac4b1f478adc,True
data/pdfs/z_cross_hxf_0047.pdf,z_cross_hxf_0047,cross_pdf,12752271,ac60ed00f03429ab484a45f1ac43e4aa937cb38be6d61951914738df19629529,True
data/pdfs/z_cross_hxf_0048.pdf,z_cross_hxf_0048,cross_pdf,1514669,5acd1318036e8686e4de453d1bc80674e3afacf72f33665456931c51cbfdc6aa,True
data/pdfs/z_cross_hxf_0050.pdf,z_cross_hxf_0050,cross_pdf,3849008,21785429d2a1966973360693b6c1a47638f969a5402ea36a6c11604ac23d9c5f,True
data/pdfs/z_cross_hxf_0051.pdf,z_cross_hxf_0051,cross_pdf,17404433,40678e5028ec6c2395b882a679ead195a0c88f1f04733c682f520f2d2d2a21cc,True
data/pdfs/z_cross_hxf_0052.pdf,z_cross_hxf_0052,cross_pdf,17010349,c8da0806842646ede7bfb6e4d20774469b3b1169836621f7533ed51bf3ba82aa,True
data/pdfs/z_cross_hxf_0053.pdf,z_cross_hxf_0053,cross_pdf,1450968,b47a99c18a57d9dc623384e7752aea02561bc07295c70b0f0d3b67a32f18d00b,True
data/pdfs/z_cross_hxf_0054.pdf,z_cross_hxf_0054,cross_pdf,19859934,8ee5524a3b494592f01a00d33f37615bbfe679595ac543e9c9d4516a0bd6c16b,True
data/pdfs/z_cross_hxf_0055.pdf,z_cross_hxf_0055,cross_pdf,8118981,c05445866f930aa18f9ece6074422fc451721c3050c5331baca0d21d9588d5cd,True
data/pdfs/z_cross_hxf_0058.pdf,z_cross_hxf_0058,cross_pdf,4978482,2e95c4ed1a2504dd4926d77302f66195032f1e8dd06c6104b7eff9ee260b2ae3,True
data/pdfs/z_cross_hxf_0059.pdf,z_cross_hxf_0059,cross_pdf,12692399,2849e5e320c29c099d9aa5f1e0b5b99683d9d819d819aeef512f965f41765585,True
data/pdfs/z_cross_hxf_0060.pdf,z_cross_hxf_0060,cross_pdf,3227591,17b365da85a29f347e280d08150b229f2e83e8ac52685d2ab7817454197a92e8,True
data/pdfs/z_cross_hxf_0063.pdf,z_cross_hxf_0063,cross_pdf,3447298,c8fc2d31dc019605c4107418a7eac396224185a7dd0b3077fddff0f4d8773b78,True
data/pdfs/z_cross_hxf_0065.pdf,z_cross_hxf_0065,cross_pdf,2840751,2a127c4ff2d686b11eaa0218553dbcd7d3482d5978ca961128d4dea3966e3dcc,True
data/pdfs/z_cross_hxf_0071.pdf,z_cross_hxf_0071,cross_pdf,1824591,7ca12755fefb19db6a2d8d04730fa9443e13b17976ae42ff6de63b54f83104f9,True
data/pdfs/z_cross_hxf_0074.pdf,z_cross_hxf_0074,cross_pdf,5517795,ac04a1dfa53c5731949f7f3c4968389e39261b693fafa668888b5b57a0eb97f2,True
data/pdfs/z_cross_hxf_0075.pdf,z_cross_hxf_0075,cross_pdf,1637895,3ca4b03374679bfec77fd3a3009d312e8cf5b485cab1da7781b8dc6740473bf4,True
data/pdfs/z_cross_hxf_0077.pdf,z_cross_hxf_0077,cross_pdf,3770146,394416253005d76cda59c87083a49f54866b0108f083791232cdb8aeba517608,True
data/pdfs/z_cross_hxf_0083.pdf,z_cross_hxf_0083,cross_pdf,10675839,7ba9d1534be8b90f6616187617158ad278fcf81fce6af4cc0281fb04474e9479,True
data/pdfs/z_cross_hxf_0091.pdf,z_cross_hxf_0091,cross_pdf,12179379,4dee50964a2a029abb0cda91a0b03906be761f87bd735f4f90755099285e0da5,True
data/pdfs/z_cross_hxf_0097.pdf,z_cross_hxf_0097,cross_pdf,4491010,0b42966fcd81be22ebfd8261243566f387720a8419ff06583134b15817527dbf,True
data/pdfs/z_cross_hxf_0101.pdf,z_cross_hxf_0101,cross_pdf,16682325,b79a350f2ce261025ba64fa91e0b6e0b9694f23bece9ac49558cbc15766bf07b,True
data/pdfs/z_cross_hxf_0104.pdf,z_cross_hxf_0104,cross_pdf,9621637,1c6772a2747b8c5b6254efe27b00c4d764aa824f542bc1d28d93bda9af6442d1,True
data/pdfs/z_cross_hxf_0106.pdf,z_cross_hxf_0106,cross_pdf,728806,12c1da39779194a8662303bb4a89dc00f2361265887b74b611a23ced94e15f49,True
data/pdfs/z_cross_hxf_0107.pdf,z_cross_hxf_0107,cross_pdf,10555703,e7b327f50cffbdd90519d686a76157d25f86c42375ee0300c358e9230454c436,True
data/pdfs/z_cross_hxf_0108.pdf,z_cross_hxf_0108,cross_pdf,9429085,b61344424a2b7a7c226f848d2030380d3fa3a5aa05b0d41fb3621d6956470bd0,True
data/pdfs/z_cross_hxf_0109.pdf,z_cross_hxf_0109,cross_pdf,1941188,6bcd96f085164bda4703e9bf2d5bb572a099dba18a0bda114ca9376bfba1e49e,True
data/pdfs/z_cross_hxf_0110.pdf,z_cross_hxf_0110,cross_pdf,6196063,4c0cfba1b45f896be6df8aee43d800b23046cae6ef53907e1584a550315cbf00,True
data/pdfs/z_cross_hxf_0112.pdf,z_cross_hxf_0112,cross_pdf,1364970,d2f21a66ca1ca0130fb6e589029b7a54528518c3942df178266e3e8ac3e966d8,True
data/pdfs/z_cross_hxf_0120.pdf,z_cross_hxf_0120,cross_pdf,37881322,c307becf98a00a927cbf8f6057452a1730a0143fcfba53057d328b5d5a4f94cd,True
data/pdfs/z_cross_hxf_0125.pdf,z_cross_hxf_0125,cross_pdf,1900339,31c277bf5223491ae6091efcf70a8f6c09f4bb446b89ddfb025f97d61eded0f5,True
data/pdfs/z_cross_hxf_0126.pdf,z_cross_hxf_0126,cross_pdf,19032041,46e018d7e6f1bdb00a3fa5f54db55ace3e421a28b61cc508734359d78759eec1,True
data/pdfs/z_cross_hxf_0128.pdf,z_cross_hxf_0128,cross_pdf,1773229,2265be31ec17f85c7505d78f77fbf226b617ed96ce3a0f91baf1a93cd41344d5,True
data/pdfs/z_cross_hxf_0134.pdf,z_cross_hxf_0134,cross_pdf,1078754,a0d0aa843f06859477d4b8544b927eea6cc9019ff8f047afca77d381e1557033,True
data/pdfs/z_cross_hxf_0135.pdf,z_cross_hxf_0135,cross_pdf,3119449,6a7dd2b7eb12761d8b64dde11c7438e97d805960283d5da5a6bc7a90c1c51492,True
data/pdfs/z_cross_hxf_0136.pdf,z_cross_hxf_0136,cross_pdf,5684196,58be65d57dea8ec033b05eb81c4a01c98532c26706badcf8ea2c2962c5de811c,True
data/pdfs/z_cross_hxf_0137.pdf,z_cross_hxf_0137,cross_pdf,2962878,0015d43595860f09b2120bde3fa6080e42b4d24beb5e97a2eff79c5cb71727d9,True
data/pdfs/z_cross_hxf_0138.pdf,z_cross_hxf_0138,cross_pdf,1302596,9018bb55937bae1a8f541ce40e30d5e516c5997188e03d140f2f103767c0577c,True
data/pdfs/z_cross_hxf_0140.pdf,z_cross_hxf_0140,cross_pdf,2051711,7401dcaf828609d09ce74fac3aca41aeeb8849f4f1a6fe2e3317c0dfc3db5b67,True
data/pdfs/z_cross_hxf_0141.pdf,z_cross_hxf_0141,cross_pdf,3053660,3641f7ae316105ecdafe8b718d1b80100598efef07d6bfeb675ac0223db7a717,True
data/pdfs/z_cross_hxf_0142.pdf,z_cross_hxf_0142,cross_pdf,1704293,b9aa023f220a416679b0c90032f0f2092c287ae43f6c066212004a4faadc50a1,True
data/pdfs/z_cross_hxf_0143.pdf,z_cross_hxf_0143,cross_pdf,1275872,582d7e4bfb85b05abe825c97530f6c526543c7a7562457ba5ecfce42eeaff8a3,True
data/pdfs/z_cross_hxf_0144.pdf,z_cross_hxf_0144,cross_pdf,6525206,617e6a40147dbad52b13b87cdfdd413cb43a48f98b49c1a296d03db6ace2fbce,True
data/pdfs/z_cross_hxf_0151.pdf,z_cross_hxf_0151,cross_pdf,17364473,fafef8acb3a9d7462fe21dfa5c7107b03119155f7a549ec359a7ab2099701972,True
data/pdfs/z_cross_hxf_0152.pdf,z_cross_hxf_0152,cross_pdf,1489360,15f3e724538fa4f00765f3fc20ed3e498aafe79dd2cdf23677b4a23b222402ca,True
data/pdfs/z_cross_hxf_0153.pdf,z_cross_hxf_0153,cross_pdf,13724130,e302748a50e6440ec6a90072e7e5e519465689128dcd1d9f0bae0692f4daa330,True
data/pdfs/z_cross_hxf_0155.pdf,z_cross_hxf_0155,cross_pdf,1321311,2023c15a4b1fa2baa88d74fe461e46fe2d5a06f3ce6fbeb5794d56a34a89cfef,True
data/pdfs/z_cross_hxf_0156.pdf,z_cross_hxf_0156,cross_pdf,2941183,68dc867bf0feeff1fe4e95e9822a5b5ba3ee8712758c488ceb858324c560df8f,True
data/pdfs/z_cross_hxf_0160.pdf,z_cross_hxf_0160,cross_pdf,2215966,b6b19d68277897e4b6f7f0528b9c63fe15d8be9ab0b23df460ff9c664feb8b24,True
data/pdfs/z_cross_hxf_0161.pdf,z_cross_hxf_0161,cross_pdf,1080659,652444685edb5d0d58fd4d033478aaa800861e3bda3971e42a0164f9ef8e8eb5,True
data/pdfs/z_cross_hxf_0162.pdf,z_cross_hxf_0162,cross_pdf,1044627,4ce2e037dc3a8dd382c7940d8426911b7f4c3249f7bb04728f81d2eecd96ba21,True
data/pdfs/z_cross_hxf_0163.pdf,z_cross_hxf_0163,cross_pdf,1671754,c3a43ee65b0ecb7a4581fc9d27c91318e58ce8129f32bafcbf96245ce044d7e5,True
data/pdfs/z_cross_hxf_0165.pdf,z_cross_hxf_0165,cross_pdf,10767505,680e616b15277d63d10b6d9eb6f6b06f5b28e33bebd0aad838c0394b08496781,True
data/pdfs/z_cross_hxf_0166.pdf,z_cross_hxf_0166,cross_pdf,1184547,7c61888a257364444c1aa76106a1f1495d256bcc821aedce1ba2b7c20b10c7d0,True
data/pdfs/z_cross_hxf_0167.pdf,z_cross_hxf_0167,cross_pdf,5571891,36e99f0be693992b1e833948cb9be2147a27d7195a37fc256474b2e7891a5d1d,True
data/pdfs/z_cross_hxf_0168.pdf,z_cross_hxf_0168,cross_pdf,16547420,a62600a657b794fbc00a47144b2195869b16322b1eb1038984087e98e8d85863,True
data/pdfs/z_cross_hxf_0170.pdf,z_cross_hxf_0170,cross_pdf,1354528,7136df4368893340b778175c6e727b13b4c00dadab02f3fc241eeab773c9caba,True
data/pdfs/z_cross_xb_0003.pdf,z_cross_xb_0003,cross_pdf,12769670,b8dababbdf4ddee40c6293c87043d2e3215bcb0abd580a4786dc17778aa0f8fd,True
data/pdfs/z_cross_xb_0010.pdf,z_cross_xb_0010,cross_pdf,12636095,6c8fb08d827e8def503c01687c047ad27974608facd240c6d6b04c437776c2bc,True
data/pdfs/z_cross_xb_0013.pdf,z_cross_xb_0013,cross_pdf,10902330,1fc30b3055de4dab1eccabe6096bb1b2149c4c71ddcefff041703c4bed53da3e,True
data/pdfs/z_cross_xb_0016.pdf,z_cross_xb_0016,cross_pdf,7084652,9bea815647e80aa19f5151a2e3f03c075aeb8e90ec0a0d5c72d2260bebf42a6b,True
data/pdfs/z_cross_xb_0018.pdf,z_cross_xb_0018,cross_pdf,2982122,71dc634d742eec755f9b03a6f0d6af99d1ea917602cbe52b3894668c3ac2f4cb,True
data/pdfs/z_cross_xb_0020.pdf,z_cross_xb_0020,cross_pdf,1416501,11c88e569b9df19616f555c178567b03b22ab76f6e6107bc7e5667b5fe52c283,True
data/pdfs/z_cross_xb_0024.pdf,z_cross_xb_0024,cross_pdf,5271966,656b9d4990b5e32330ca1b1a9a12c92e73ae5c14b5f52d0f7c986dc6bef93b68,True
data/pdfs/z_cross_xb_0025.pdf,z_cross_xb_0025,cross_pdf,16203102,8e1f148057446b827f6e261ed9a954d265eb25c38195391bc280bde624a58862,True
data/pdfs/z_cross_xb_0031.pdf,z_cross_xb_0031,cross_pdf,5007821,4e819e7e827276050799d937bd914d61f1d435377820722024aa4c7177cf75ca,True
data/pdfs/z_cross_xb_0032.pdf,z_cross_xb_0032,cross_pdf,10865001,adc122e7cdd65529c96c1109a162b90cd715188d911fbd054263746223e8fc47,True
data/pdfs/z_cross_xb_0035.pdf,z_cross_xb_0035,cross_pdf,10682605,e430a9852c9db006990fef0c3c33de54de3c02f9ac3f02d8b44a11ab7d8d74f3,True
data/pdfs/z_cross_xb_0036.pdf,z_cross_xb_0036,cross_pdf,43973901,f1e34d55585e90a348c7699fe4e17a93638d4b97e3e2b596f1f8f3ff3847a4b4,True
data/pdfs/z_cross_xb_0043.pdf,z_cross_xb_0043,cross_pdf,2678581,fa72ca9c9f60701b08f6be4d824ffe8c9614ae8c180a5fe31b16990be7eb5422,True
data/pdfs/z_cross_xb_0044.pdf,z_cross_xb_0044,cross_pdf,12230244,b60c04639d5d49ed6822c9ec0883d59113224c0b4cd402dffbd58424de052b29,True
data/pdfs/z_cross_xb_0047.pdf,z_cross_xb_0047,cross_pdf,2797099,0f44eb5ba59e63d373d47afdd2ec7725db100730af36ab397662e3d1d827f7c7,True
data/pdfs/z_cross_xb_0051.pdf,z_cross_xb_0051,cross_pdf,3794074,d99f2f7691726db6e5461f0cd56aa4fd9500c677922f90dc3f4a29085f8082ef,True
data/pdfs/z_cross_xb_0052.pdf,z_cross_xb_0052,cross_pdf,30947180,917e465e9625b303620933f81b271fb418388a2adb4784a80223daf6daad1d63,True
data/pdfs/z_cross_xb_0054.pdf,z_cross_xb_0054,cross_pdf,2457055,9f3af08d70ae3b239a795350a8558b2b5fe124ae8b641107fb8625e0853168b0,True
data/pdfs/z_cross_xb_0055.pdf,z_cross_xb_0055,cross_pdf,16989044,18c9338de4cc0deb439c3180181dfdc11ef79adc0bb9ef1153011c6fc8d15811,True
data/pdfs/z_cross_xb_0057.pdf,z_cross_xb_0057,cross_pdf,3181842,b77de49e09daf00a7ae4a06f9a58647378e6ec72d6d9a8d4ac76045ad875cb7d,True
data/pdfs/z_cross_xb_0062.pdf,z_cross_xb_0062,cross_pdf,4514436,4fda18ba9411ee6046c4d079398048f97b2bf6efe3b2c94aac5fd3a282705ad6,True
data/pdfs/z_cross_xb_0065.pdf,z_cross_xb_0065,cross_pdf,2582319,4edad9434a7f7481723c955b037dee81a1dbce1aa5741dfd6befc59296d57ea3,True
data/pdfs/z_cross_xb_0070.pdf,z_cross_xb_0070,cross_pdf,5943520,a4fe06971bcea662c50dd35dd5d473afd6769823a007ed0733db25828beab6fe,True
data/pdfs/z_cross_xb_0073.pdf,z_cross_xb_0073,cross_pdf,63775575,96b7ec597d9fddef51537e06af12c0f21dc11ce15e7cbc5cbcc7cdf46cd2d9f2,True
data/pdfs/z_cross_xb_0078.pdf,z_cross_xb_0078,cross_pdf,14592174,eeedb71254a462d0c055de0dab9080d1a74e840cbc334f7ad5d41cff31db3a9c,True
data/pdfs/z_cross_xb_0083.pdf,z_cross_xb_0083,cross_pdf,10477774,f5ff073bf6d21f1e6381eb542936fadd9ef132377d6a4de08fa933c1d25c98f3,True
data/pdfs/z_cross_xb_0084.pdf,z_cross_xb_0084,cross_pdf,5518101,080513391a3ab018c803543e726e6bfa9f342b69208df2bf4dcc09c8e4eafe5c,True
data/pdfs/z_cross_xb_0086.pdf,z_cross_xb_0086,cross_pdf,10269258,f4e9046c9b41c9ed04920865245c368162fff0deaf640a2497a628fe8753c964,True
data/pdfs/z_cross_xb_0088.pdf,z_cross_xb_0088,cross_pdf,4994655,3a6a2f91fa3e42970e71c12ea3d3c0019be031af83532a59442f1e0f05c0db74,True
data/pdfs/z_cross_xb_0090.pdf,z_cross_xb_0090,cross_pdf,2813071,f0da1439202766c74a9f56409d397b1a900b57e4c3a65ecf64a6ff7335b94a75,True
data/pdfs/z_cross_xb_0091.pdf,z_cross_xb_0091,cross_pdf,3649895,d47c3abee1669d4fa53b7f7ecfdd597875194fe42e1647deeedd1a686ed355fc,True
data/pdfs/z_cross_xb_0092.pdf,z_cross_xb_0092,cross_pdf,5320593,dbea4c82a216e66dd1d8bc923262bc210f0c17e79132546c6a04b3d044349be4,True
data/pdfs/z_cross_xb_0094.pdf,z_cross_xb_0094,cross_pdf,3395796,4185a3f491eae49cc11f24a1c6fb24fae01e8b3a4aaf798890afb6ae5979692c,True
data/pdfs/z_cross_xb_0096.pdf,z_cross_xb_0096,cross_pdf,1500458,f31f32b97abf4d289fdef0f1c8c7059d510595f34b49c8aaf89648b57ea28265,True
data/pdfs/z_cross_xb_0098.pdf,z_cross_xb_0098,cross_pdf,4274465,8bb10a5be3146ef21f5b9418d0e2b57a5be0bed80373a1ac730422c24e3d26ca,True
data/pdfs/z_cross_xb_0103.pdf,z_cross_xb_0103,cross_pdf,18834357,42b530d7574e41c189d25643e5ac062341e23c833c875d44875e7e97332d7991,True
data/pdfs/z_cross_xb_0106.pdf,z_cross_xb_0106,cross_pdf,3781591,37f9d36ce80775eda3290cbbbf17f874447e9a82ae28a87db93f2edb59718037,True
data/pdfs/z_cross_xb_0113.pdf,z_cross_xb_0113,cross_pdf,3156923,9b414c8583fb0b2150ff0162954ee306433084e09c4a2df44d1bbb6406b898f4,True
data/pdfs/z_cross_xb_0114.pdf,z_cross_xb_0114,cross_pdf,3439846,b1f4f1412c2c1df6b19414782ce3026f3c77732d18e360d712484f36ed2ecfcf,True
data/pdfs/z_cross_xb_0117.pdf,z_cross_xb_0117,cross_pdf,12217385,29e51abbb2f94ea43e1abc0aa1e5596cb4be4d698f3937bcd8eb6f10216ffbb7,True
data/pdfs/z_cross_xb_0120.pdf,z_cross_xb_0120,cross_pdf,3741351,c60fd2a734bf709b8d4f20e96d7a09d93475f4467eddd725441cef347e1817df,True
data/pdfs/z_cross_xb_0121.pdf,z_cross_xb_0121,cross_pdf,12906045,a30534d65cd34bf22254a9f4d81d5d40016d86e4c72f8d00a50ee73715a7fb2b,True
data/pdfs/z_cross_xb_0126.pdf,z_cross_xb_0126,cross_pdf,1782867,aaf19b0cf9bf5c96826ee9abdd258525a2645c28a546dd538b551f827fcfcbdd,True
data/pdfs/z_cross_xb_0132.pdf,z_cross_xb_0132,cross_pdf,2059193,dad750ef39099881e4597b11cd0cf152269b95f5ee2418ec282e5b6973e42af4,True
data/pdfs/z_cross_xb_0136.pdf,z_cross_xb_0136,cross_pdf,9322685,968d0345c729c7d51f5a445622fceab32fac317abf270ce9977c9f250891f439,True
data/pdfs/z_cross_xb_0139.pdf,z_cross_xb_0139,cross_pdf,4760142,2f07fd90cae84d5150ce10766aa2cfbeb08fe43bd44b485f1679a33320837c35,True
data/pdfs/z_cross_xb_0143.pdf,z_cross_xb_0143,cross_pdf,12443870,e7a1beaa6ecf2969edb591fd8c965a107e9382a6cf98dfab52a3cdaa758a9007,True
data/pdfs/z_cross_xb_0144.pdf,z_cross_xb_0144,cross_pdf,10645724,3e72b13c08f73520c884b093c2562e2ebe13612402ec48f54773d01c44ac6dbf,True
data/pdfs/z_cross_xb_0147.pdf,z_cross_xb_0147,cross_pdf,3761078,cc16fdb9f7fa754557b128c91ffe246ab57769a534871760ab8b33b952bc4127,True
data/pdfs/z_cross_xb_0148.pdf,z_cross_xb_0148,cross_pdf,3187496,5be078bdd2f426cbf276b77c21359cd711046d5a8c3e60af838f79e291233af6,True
data/pdfs/z_cross_xb_0150.pdf,z_cross_xb_0150,cross_pdf,4462584,825b1f88b0f9b49b0e5093f322933c59c1f26974d1b135caf7ba9215c34e62a3,True
data/pdfs/z_cross_xb_0154.pdf,z_cross_xb_0154,cross_pdf,3170263,796fc8c57d3e0874a839384977727f852db6f9791bf6f94e3db84f3d82abec1d,True
data/pdfs/z_cross_xb_0155.pdf,z_cross_xb_0155,cross_pdf,6807059,66117d93d867e7edef3d60277e62e4c22fead3c313ef68dc3ee34ab7746b0630,True
data/pdfs/z_cross_xb_0158.pdf,z_cross_xb_0158,cross_pdf,3370615,dc1f722211542c9f22342f318875f1e615c2ed62077baf4367265023d1efa2b1,True
data/pdfs/z_cross_xb_0159.pdf,z_cross_xb_0159,cross_pdf,4379689,26b79341a78c82ce679d68e8dff60f2f9b63673e85f7f41f31e1c8ea57db3e09,True
data/pdfs/z_cross_xb_0160.pdf,z_cross_xb_0160,cross_pdf,10405390,3bdbf3f6b1e7e7e0ebea1bb7e526d28ee8ed29ff40d1c6d95c2be8e13083a4c8,True
data/pdfs/z_cross_xb_0164.pdf,z_cross_xb_0164,cross_pdf,31653189,a2435bd7af33d95ddfd5774f2fe163de77208e3070650599532d4bb3fa90e6b3,True
data/pdfs/z_cross_xb_0166.pdf,z_cross_xb_0166,cross_pdf,37814529,e8b73bc84dade72db2fd0947dac9124553803d06be4afd770f9e1656fd4a2d09,True
data/pdfs/z_cross_xb_0169.pdf,z_cross_xb_0169,cross_pdf,15462300,efe1cc25d09924f44ebeee1230a25ef91c1c6e478991d2d0d569c1ac98549fc4,True
data/pdfs/z_cross_xb_0170.pdf,z_cross_xb_0170,cross_pdf,16525804,b8b3185786e532f69c5f7b163978e63727f39dd6886dbd0aac027bda85cd7a42,True
data/pdfs/z_cross_xb_0171.pdf,z_cross_xb_0171,cross_pdf,15813199,5e5e090b68473fc8184cc9d87e2e6c3b6e5df6d32395f8340dd5a2c680a09b37,True
data/pdfs/z_cross_xb_0173.pdf,z_cross_xb_0173,cross_pdf,7764100,8c3c46bdfa27ebe638c2f4e21c6e6124b362d63d8fea1111dcaafc4bad5f41ee,True
data/pdfs/z_cross_xb_0175.pdf,z_cross_xb_0175,cross_pdf,10373012,6b435653e345467d5be421782515771066e80851f22ceb2666c15a6600935ecb,True
data/pdfs/z_cross_xb_0176.pdf,z_cross_xb_0176,cross_pdf,4395072,4bf4340ebf7e3741c94b86863eaa85c53c15ab7df83e846e9ade9a3b98a21829,True
data/pdfs/z_cross_xb_0178.pdf,z_cross_xb_0178,cross_pdf,3080728,28f7c4d8e13a8624fef9c81e055426ed5fb5f82bf6c66079d6f32c3004a1d04e,True
data/pdfs/z_cross_xb_0183.pdf,z_cross_xb_0183,cross_pdf,10191375,01cd6cd58630a1aefae3267c78cce56b1c5654871f985de712b06b6555a28085,True
data/pdfs/z_cross_xb_0184.pdf,z_cross_xb_0184,cross_pdf,22764518,87d05797d3815459aefccccf0b08cc8428671fb30854f62edc21c5f441977a93,True
data/pdfs/z_cross_xb_0188.pdf,z_cross_xb_0188,cross_pdf,6794795,928cdc5ce448c8dd3e535a466b9b991ddef779f74fedb51ac4eece8808771b1a,True
data/pdfs/z_cross_xb_0194.pdf,z_cross_xb_0194,cross_pdf,12791762,86b51acce7db24193961f878208fa66cca0183bb0d303301e47f2f31674948aa,True
data/pdfs/z_cross_xb_0196.pdf,z_cross_xb_0196,cross_pdf,10428153,c105bd8cf37cd11437bf79f195108ef4efe9dc1c6ee14dd3d3eb2b67c71e62a0,True
data/pdfs/z_cross_xb_0204.pdf,z_cross_xb_0204,cross_pdf,3156363,2cbd8b7915a5e2d64d35ada76f023a2b5fa978d41569280b12783bd42a1938f9,True
data/pdfs/z_cross_xb_0205.pdf,z_cross_xb_0205,cross_pdf,4615267,d422417e4291f8c79002465b044aeec953d7f92c86b6f4bdc3516bbe2c0f4095,True
data/pdfs/z_cross_xb_0206.pdf,z_cross_xb_0206,cross_pdf,10315333,2bd58176576718b92b626108399794a8aec03538896743ee74b396d56bf526d7,True
data/pdfs/z_cross_xb_0207.pdf,z_cross_xb_0207,cross_pdf,10684706,c5241c912a228fa2a32c4867871d760bf63e05fa2ee7268344df9d011be696f8,True
data/pdfs/z_cross_xb_0209.pdf,z_cross_xb_0209,cross_pdf,8105463,6fd92087840a67897dd0244f5bb7d7994ac91fd9089138f95115982a075a89bc,True
data/pdfs/z_cross_xb_0216.pdf,z_cross_xb_0216,cross_pdf,74678317,7ae1d818ab0f6fc55766276662bc4da88be19e225dd58181eeeb85582cd1d186,True
data/pdfs/z_cross_xb_0217.pdf,z_cross_xb_0217,cross_pdf,63664905,66982578da4e4609ed15c15f958ebd7368d7daa23374f15908a768a02da3e03e,True
data/pdfs/z_cross_xb_0219.pdf,z_cross_xb_0219,cross_pdf,9095539,d64c84574a31ebcf511d2cbd78e45fda074f772c87c8f78c4fd8f2be751b290c,True
data/pdfs/z_cross_xb_0220.pdf,z_cross_xb_0220,cross_pdf,2925197,4173b00db716d073ed51d9104854f2fa0ebf8e2dc642ed8297330bbbd32d7aec,True
data/pdfs/z_cross_xb_0222.pdf,z_cross_xb_0222,cross_pdf,18601667,e7ce42eb2104c57a585c7697bc7a42b886c4e3f4a43f58c652cb08ee3f9bf845,True
data/pdfs/z_cross_xb_0224.pdf,z_cross_xb_0224,cross_pdf,9721162,9b0835fd35fd740e523285beea9d8372712c894a83e4ced89ef3403fd355fc4c,True
data/pdfs/z_cross_xb_0226.pdf,z_cross_xb_0226,cross_pdf,1531156,6e23f4831f52778cda4f1f06c2bf11446a9e7e6071eb1992be533f6c65b9c4b8,True
data/pdfs/z_cross_xb_0230.pdf,z_cross_xb_0230,cross_pdf,4857397,82bcd63dc2a14681d5b88c85dc149f935ead23c18c815c95668e28c24b5e9a7d,True
data/pdfs/z_cross_xb_0231.pdf,z_cross_xb_0231,cross_pdf,5760353,e4e8a0c17af1203099db325c9514cf2935f83bba7a74867b2b732c77130d4e08,True
data/pdfs/z_cross_xb_0232.pdf,z_cross_xb_0232,cross_pdf,7768995,1b85411d56ba2ebeae9ceca18513a65cab018c83089ff45c015dd72e47fe038c,True
data/pdfs/z_cross_xb_0233.pdf,z_cross_xb_0233,cross_pdf,4902871,a0597d4fe9ce2db952294ff61c149f9072017df7277a40f64896849c3881771d,True
data/pdfs/z_cross_xb_0234.pdf,z_cross_xb_0234,cross_pdf,11890994,3f3cb5cc616297c244ff7c765673117c191b5435471872d859fd501263a18636,True
data/pdfs/z_cross_xb_0235.pdf,z_cross_xb_0235,cross_pdf,13268156,1a5ff86cad2b66304e4986adceac4d1ef322db2c23f6431b0b3d67b6243488e0,True
data/pdfs/z_cross_xb_0236.pdf,z_cross_xb_0236,cross_pdf,4175503,e1621b502a8cd923a53e4fe24a8e9242e3ead1088ff9851fc672ee59f050e09a,True
data/pdfs/z_cross_xb_0239.pdf,z_cross_xb_0239,cross_pdf,10144087,5a2ef714c3a61823f173756f948be1cd052815ccb1dfca724f0bfcc1cda6fe60,True
data/pdfs/z_cross_xb_0240.pdf,z_cross_xb_0240,cross_pdf,7100911,3cf7c4b73042a6cd2ba940ba8c6b64d507227e37ac7036dd32c697dde652074b,True
data/pdfs/z_cross_xb_0246.pdf,z_cross_xb_0246,cross_pdf,2484212,a0be74383e6c459485473e29d5c5a09508c88f2dfa00e0243ee31f6f2fd80845,True
data/pdfs/z_cross_xb_0248.pdf,z_cross_xb_0248,cross_pdf,2580420,1c8430269f7e9854f6333a37942e8a9e9dafa312421f2e92a146f5d25060d56a,True
data/pdfs/z_cross_xb_0249.pdf,z_cross_xb_0249,cross_pdf,3022814,1a5932e6927ab28da8fada684071a5e470a6c966b6b0c03c2d7bcdeb54e9c04d,True
data/pdfs/z_cross_xb_0250.pdf,z_cross_xb_0250,cross_pdf,4330882,8160d78aab7f6ed703297bd6c0af534772511819a92b6e1e4d5f3dc6a3c20f24,True
data/pdfs/z_cross_xb_0252.pdf,z_cross_xb_0252,cross_pdf,5340172,0bca6f93ec24bfd454c9b6de52a1422a60f548e24d41653699988266278b90fc,True
data/pdfs/z_cross_xb_0253.pdf,z_cross_xb_0253,cross_pdf,5143351,5a85e9718af47b8a9844869f53d40fc3b0be98c569664aa52744d2340fdf4ed1,True
data/pdfs/z_cross_xb_0254.pdf,z_cross_xb_0254,cross_pdf,3607064,1acbe954d48a68ee18d1910ca62964ec0c4be9b39b39fdef2d34a4beb1cfef59,True
data/pdfs/z_cross_xb_0257.pdf,z_cross_xb_0257,cross_pdf,3875647,a533c3b27114a4b0ab7d500cee48cba4ab65e6897b7cc8bb8289d4581d749f31,True
data/pdfs/z_cross_xb_0259.pdf,z_cross_xb_0259,cross_pdf,2359410,b34c72291ec0b3f5f723febc6edc301542ed58bea6197c9652f29c1c04d23af7,True
data/pdfs/z_cross_xb_0260.pdf,z_cross_xb_0260,cross_pdf,10430680,8219debcb10311723989dec3906a7859a3766820b2b9ff369dffb103aeff1b2b,True
data/pdfs/z_cross_xb_0261.pdf,z_cross_xb_0261,cross_pdf,13032452,716ed6b495e2f6136237b69e9dd39cd79aded565a18d84f9123a0db2ed1159ab,True
data/pdfs/z_cross_xb_0263.pdf,z_cross_xb_0263,cross_pdf,5250630,bc643cc7bb714a8491f36d5ac132853b8da9b3ee54c03724fa8fe390c27f0edd,True
data/pdfs/z_cross_xb_0264.pdf,z_cross_xb_0264,cross_pdf,4382246,df5f3f9ee0e508fffaf0f05d894b431c7c5b1ce3a5ce0cad4cf8bcbdaffe6963,True
data/pdfs/z_cross_xb_0267.pdf,z_cross_xb_0267,cross_pdf,1883450,cddcdfcbf9de526e4d0db3eea98986bf720205f2bbc369f6bd8b5a22e83d4307,True
data/pdfs/z_cross_xb_0273.pdf,z_cross_xb_0273,cross_pdf,9277314,376ea9704d3fe6ae01da76e7ab96902536b4920baf6c4b536bf7608e0264634e,True
data/pdfs/z_cross_xb_0274.pdf,z_cross_xb_0274,cross_pdf,7676076,37ead9cb6a3920e6e8ff06d1412b77634fdc856de1cb783cf67381e67831e1cc,True
data/pdfs/z_cross_xb_0275.pdf,z_cross_xb_0275,cross_pdf,8559603,e2a0bcd63337a34b47e7773e6d2aca633ff5e5c407663d4cade6f90139ff3d11,True
data/pdfs/z_cross_xb_0278.pdf,z_cross_xb_0278,cross_pdf,13344037,94fce4f6488d82adc5add01e03d6a1d1bc99548b735ff5fa65174e5943b68081,True
data/pdfs/z_cross_xb_0280.pdf,z_cross_xb_0280,cross_pdf,11925517,54a671523d8dcd4d2a0c86b910ae3a34401ffa78cc8a0866f89213723f97b32a,True
data/pdfs/z_cross_xb_0282.pdf,z_cross_xb_0282,cross_pdf,8284336,0359f681dee2e576f96d64df718fc9d2f13effc15e3b783a7a92ddb6951eeb25,True
data/pdfs/z_cross_xb_0288.pdf,z_cross_xb_0288,cross_pdf,2592736,11b7365985923f3d49c0b407ef1d5424da41bd1a6577a2ab90eb078640d02c4e,True
data/pdfs/z_cross_xb_0289.pdf,z_cross_xb_0289,cross_pdf,2612418,5f6d920c6a2f3da6ce67e92fef5332a0ad64ff12e30c3fc40c66572d2ce3f212,True
data/pdfs/z_cross_xb_0290.pdf,z_cross_xb_0290,cross_pdf,3207476,b3c91bfe47e097ad72c9f6eac67c67c46de63896147735caac7c8b45898dc537,True
data/pdfs/z_cross_xb_0291.pdf,z_cross_xb_0291,cross_pdf,3217814,00dbc114cc5d1a30c14b55b52a0bc7a9a81195ef05ab9b1826336ec7f74b5d20,True
data/pdfs/z_cross_xb_0292.pdf,z_cross_xb_0292,cross_pdf,3918748,9a35b1e3205b7336a2f2e2a35bd419a71938128784fc3693f210099996967acf,True
data/pdfs/z_cross_xb_0297.pdf,z_cross_xb_0297,cross_pdf,1995333,b4dc0108e83815e49ca03c59486e9441b4adf674b28ec53cd3f456b14dbb2ed5,True
data/pdfs/z_cross_xb_0298.pdf,z_cross_xb_0298,cross_pdf,11289144,4465452104f6f7116c45abd7eaa4d4c34ea99d1b6f6d29198c0edfe17579721d,True
data/pdfs/z_cross_xb_0300.pdf,z_cross_xb_0300,cross_pdf,14270933,e6c73d14714b88636e5f381cd4587a307a38b4fd78e296e9bb65cc4b54ee6523,True
